text,label
I was just shopping online for some tickets and the payment was declined by you.  Why has this happened?  I am certain I have the right amount of funds in my account.,25
"I'd lke my card reactivated, I was thinking it was misplaced but I discovered when I woke up that I had left it in my coat.",13
Where to check top ups pending?,47
how do I link an already existing card?,13
"I requested a refund from a merchant a while ago, and upon repeatedly checking my statement, the merchant has yet to refund me my money.  I don't know what's going on, or why the money is getting into my account--could you please help?",51
Why hasn't my money transfer showed up yet?,5
I tried to use my card to withdrawal money from the ATM in Notting Hill but it didn't work. This is the first time I've tried using it. Is my card working?,26
I was made to pay an additional pound!,34
"I've been waiting for a pending transfer to go through for a while now, and don't see any reason why I've been waiting this long.  I know that I have the correct account details, so that isn't the problem.",48
Can I get my money back on an item?,52
Are there any express fees if i want my new card faster?,9
Why hasn't my friend received the transaction?,66
how do i get the card linked,13
"If I need more cards, are there any fees?",39
I am seeing pending from the card payment I made.,45
Please help my find out why there is an odd direct debit in my records.,28
My card payment is showing pending however this transaction was a couple of days ago. Is there a reason why it it still pending?,45
I have a canceled top-up and wanted to know about it.,61
I contacted a seller about a refund last week but he still hasn't returned my money. I am frustrated and need these funds. Please help me get my money back.,51
Why do I see an extra fee on my statement?,34
My top-up has been cancelled.,61
There is a payment on my card that I do not recognize.,16
When will my top-up process?,47
I bought an item at the wrong exchange rate.,17
How do i cancel a charge?,8
Just today there was a purchase on my card that wasn't done by me. Can this be reversed and my card be frozen? I can't have this continue!,16
Why was a transfer to an account not allowed?,7
I think my top up was reversed.,61
I need to move money to another beneficiary. Why is it not working?,7
How can I fix this?  There is a double charge on my account.,63
Which countries are you available in?,24
there is a transfer pending.,48
I am seeing in the App a some cash withdrawal that its not mine,20
My top-up is taking a very long time to complete.,47
Why was I charged an additional fee when paying with card?,15
Please assist me in activating the card.,0
Can I choose what card I can use,73
Why hasnt my top up gone through yet?? I thought it was suppose to be instant? Am I wrong? Why is it still pending?,47
"I still haven't received my card after two weeks, is it lost?",11
When will my transfer finish pending?,48
"I am seeing unathorized transactions in the app, on my account.",20
What do I do if there is a direct debit on my account that shouldn't be there?,28
"I am unhappy with my purchase, how do I cancel the order?",52
I have a payment that hasn't went through yet.,45
Are both Visa and Mastercard offered?,73
"I did not get my card yet, is it lost?",11
What caused my transfer to fail?,35
I believed crypto top up with something you offered. This does not seem to be working. The money has been removed from my account though so what's going on?,61
A direct debit payment I didn't do shows in my app,28
What do I do after my card expires?,9
My top-up hasn't gone through,47
I would like to get additional physical cards at this time,39
I think the exchange rate was incorrect.,76
Tell me what I should do after my card expires.,9
I attempted to get money using a foreign currency at an ATM but the rate was highly inaccurate!,76
I have a transaction showing up multiple times.,63
I just had my card get declined at the ATM! I need to get money out but I am unable to.  Why has this happened?,26
I would like to use one of my cards for a family member. Is that allowed?,39
Is there a reason my new card hasn't arrived?,11
I have a payment I didn't do,16
I made a cash deposit going to my account but it is not there,6
"How do I freeze my bank card, as there has been a strange withdrawal?",20
I requested money from the ATM and it didn't give me as much as I requested.,75
I am being charged a transfer fee aren't they free?,64
There has been a transfer pending in my account and I wanted to know how long it is going to take to go  through.,48
Please check my payment from last Saturday as I feel I have been overcharged on the exchange rate.  Thank you.,17
What's the deal? Money has just disappeared out of my account. I thought you offered crypto top up and it doesn't seem to working.,61
"I have arranged a transfer, but no longer need to send it. How do I stop the transfer?",8
My card payment did not go through.,25
I would like to have assistance with activating my card.,0
"|I moved out of my old house two weeks ago and cancelled my direct debit to my old landlord, this direct debit was working fine.  Now I've moved in to a new place and set up a transfer to a new landlord but it's not reached her yet, can you check it please?",66
My card payment was not successful.,25
Am I able to get a refund for something I bought?,52
"Bank transfer to account did not show up, please help?",5
The cast deposit from a week ago still is not in my account. Why?,6
What type of card can I get?,73
The machine only paid me a hundred when I wanted 20,75
I don't know where a direct debit payment came from,28
How do I activate a card?,0
I have a 1 euro fee on my statement.,34
"If I can, I would like to get both Mastercard and Visa from you.",73
There is a fraudulent payment!,16
I deposited a cheque a week ago but have yet to receive the cash.,6
"I thought I lost my card so I cancelled it, but recently I found it in my jacket and I would like to re-establish the card.",13
Why was the transfer declined?,27
I believe there is a mistake because a payment I didn't make shows in my app.,16
Where do I go to cancel a transaction?,8
I can't find my refund. Please help.,51
I need to cancel a payment. Something i purchased a while ago still has not arrived and i'm not going to pay them if they won't send me what I purchased.,52
Can you tell my why my card payment has been reverted.,53
I am still waiting for a money transfer to process.,48
"I have a cash withdrawal that says it's pending, why?",46
I didn't get all the cash I asked for,75
Can you please tell me why I was charged an extra fee on my transfer?,64
Why hasn't my balance been updated? I've deposited a few cheques some days ago!,6
I didn't get the correct amount of money from the ATM machine,75
How can the recipient see my money transaction?,66
Where on the website do I go to link my card?,13
Something is wrong with my payment account since it has been declined,25
What should I do if I see an unauthorized withdrawal on my statement?,20
Why can't I transfer money to a beneficiary,7
Weird charges are appearing in my debit account.,28
The ATM gave me less cash than requested,75
Is there a money transfer fee?,64
I bought something and I take issue with the exchange rate applied.,17
"Someone has access to my card info.  I still have the card, but someone just withdrew cash.  How do I get this corrected/stopped?!",20
"I purchased something and the seller hasn't received the money yet, but it has been deducted from my account.",53
How long will my top-up stay pending?,47
Why was a fee changed for my transfer?,64
I want to take back my transaction,8
How do I reactivate my card?,13
Why could my transfer have been declined?,27
What do I do to activate my new card?,0
I cannot see a refund in my account,51
What is taking so long with my refund?,51
I don't understand why I was charged extra for withdrawing money?,19
"My money's disappeared from my account! I topped up the other day and it was there, but now it's not. Help?",61
Is there a reason a payment is showing complete on my side but the person who is receiving it has not gotten it?,66
I tried activating my bill of fare and it didn't workplace,0
There are some card payments that I haven't done myself. What is going on with my card and does somebody else have access to my card?,16
My transfer didn't work! Help!,35
I see a charge for a direct debit that was not me.,28
What countries do your accounts send and receive to?,24
I made a transfer recently but it has not changed on my dashboard.,48
I need two cards. Is this possible?,39
What happened to my Top-Up? It's not reflected.,47
Card payment still pending.,45
What steps do I have to go through in order to activate my new card?,0
Why is there a 1 euro fee on my statement?,34
Please explain to me the circumstances in which my card payment would be reverted?,53
"$1 extra has been charged on my statement, why is that?",34
I did a money transaction and dont have a receipt,66
I could not transfer funds to a beneficiary; is there a problem with your software?,7
I know I'm getting a new card but would like know when I can expect to receive it.,11
Can I get both a Visa and a Mastercard from you?,73
I was issued a card about a week ago. why hasn't it come in yet?,11
What is the reason my cash withdrawal is still pending?,46
Can someone assist me with activating my card?,0
Why was a charged a fee for using the card?,15
I can not find my refund.,51
"Hello, I recently ordered an item and I need help with cancelling and processing a refund as soon as possible. It's very important that I get my refund quickly.",52
How do I locate my card?,11
I made a deposit but it is not showing up in my balance.,6
Top up did not work on the app.,59
"I thought I can make transfers for free, this is not fair. I bought something online from abroad and there was some weird additional fee that I've never seen before?",64
Why are fees charged on cash withdrawals? I went to withdraw some money earlier today after shopping. There's a fee that wasn't there before.,19
"Hi, I am interested buying crypto currency but unable to purchase it through the application. I do want to do the exchange, Could you please let me know what is the problem?",7
The exchange rate for case abroad is applied wrong.,76
What are your supported countries?,24
I was wondering if international transfers take longer than normal because I made a transfer from France a couple of days ago and nothing has happened yet?,5
"I was charged a fee when making this transfer, and I don't think I should have been!",64
Hello - I'm on the app and trying to purchase crypto. It's not going through. What am I doing wrong?,7
Why is my beneficiary not being allowed to get payment services?,7
I'm going to cancel a purchase.,52
How do I get my card into the app?,13
Explain to me why a transfer would be declined.,27
"I lost my card and need a new one, will it cost me?",39
What countries have access to this service.,24
"My card payment is showing up as pending for a very long time, what's going on with that, it should be going through at some point?",45
I tried to top up with my card but it was declined. I was able to a couple days ago and it worked. Is something wrong? Can you check it for me please?,59
Is there a reason to why I was charged twice for a transaction?,63
"My card is expiring, how do I get a new one?",9
Can I get a Visa or does it have to be something else.,73
I just lost my wallet and I see that they are already withdrawing money from my account. How can I stop this?,20
"I made a deposit a couple of days back it's, as of yet, not gone in! It would be ideal if you assist me with this",6
Every ATM I visit is rejecting my card and I don't know why. There should be money on it. Can you check it to see if something is wrong or if I'm doing something wrong?,26
How long do card transactions take to clear?,45
My statement is showing I was Charged a dollar and I am not sure why.,34
What do I do if the ATM didn't give me the correct amount I withdrew? I pulled out 30 pounds and the ATM gave me 10 pounds.,75
It's not letting me transfer money to my beneficiery.,7
the exchange rate on my payment was wrong,17
How do I add a card to the app?,13
Why did I only get $20 when I tried to get $100,75
My rate of exchange was wrong.,17
Is my card payment reverted?,53
Can the card be mailed to Europe?,24
I got double charged!,63
Why am I being a charged for using my card?,15
I looked on the app and it says I withdrew cash.  I didn't!,20
I ordered a card but it has not arrived. Help please!,11
Is there a reason there's an extra fee on my statement?,34
Why is my card payment showing as pending?,45
I prefer to get a Mastercard.,73
I'm not sure why my top up request was denied,59
There should be a cash withdrawal that I haven't seen yet.,46
Why did my transfer fail?  What can I do?,35
There was an extra fee on my account when I got cash.,19
I did a cash deposit to my account but my balance is still the same. What happened?,6
What do I do if a transaction shows up twice?,63
I made an out of country transfer and it hasn't went through yet.,5
Why is the transaction to my friend still pending?,66
Can I choose between Visa or MasterCard?,73
My payment still hasn't processed!,45
I couldn't make a transfer because it was declined,27
"I had everything lined up to make a transfer, and then it rejected it.",27
It is common for an international transfer to take 2 days or longer? I made a transfer from France 2 days ago and I have not seen it yet.,5
"Help, I don't see my money i just added.",47
I think the exchange rate for my for my cash withdrawal is wrong,76
"My cash withdrawal is showing as pending, why?",46
I received less cash than the amount I specified in the ATM.,75
"How long do EU transfers take? I bought something online a couple of days ago , sent the money immediately online but the seller says it is still not there yet.",48
Someone may have made an error in figuring out the rate of exchange.  I should have received more cash than I did on my most recent withdrawal.,76
I attemped a transfer and it didn't go through.,35
I saw a payment i did not do,16
Why is the payment I made still pending?,45
Hi. I noticed I have a duplicate charge which I have not made twice. Who should I talk to take care of this?,63
Why did you revert my top-up?,61
Am I able to get this shipped to China?,9
The currency exchange for my purchase in foreign currency is incorrect.,17
I can't get any money from my account.,26
I didn't get the all the cash i wanted from the atm,75
I cant get money out of the ATM with my card.  I just put my card in the ATM but it will not allow me to take any money out.  What do I need to do to fix this?,26
Is there a fee for sending out more than one card?,39
I need assistance with activating my new card.,0
Why can't the person I sent the money transfer to see it?,66
I have a trasnger that is pending and wondered about it.,48
Cancelling a transaction,8
I would like to get some extra cards?,39
My refund is not here yet,51
my atm transaction was wrong,75
I bought something abroad and the exchange rate applied is wrong,17
Why didn't my card payment work?,25
Mastercard is preferred to me.,73
Should my cash withdrawal still be pending?,46
Since when do you charge to make a withdrawal? I've always done it for free. So how much is it now?,19
"My card will expire soon, When do I need to order a new one?",9
Why is it I am charged an extra fee when I use the ATM?,19
I want a refund for my item,52
I have a cash withdrawal that I don't recognize.,20
can usa residents get a card?,24
Where can I activate my card?,0
Tell me how to go about activating my new card?,0
"I found my card, I would like to reactivate it.",13
Why did I have to pay a fee when I got cash?,19
I thought crypto top up with something you offer. This is not working. The money has been deducted from my account. Can you find out what's going on?,61
Why didn't my balance update after my cash or checque deposit?,6
Why didn't I get the amount I requested at the ATM?,75
I am interested in a Visa or Mastercard. Do you offer them?,73
Why wasn't my card payment accepted?,25
What is this extra fee while I was doing a transfer?,64
My top-up was rejected by an app.,59
The applied exchange rate is wrong for the cash I got abroad.,76
The exchange rate for my transaction last Saturday seems to have been wrong I got charged extra.  Please fix.,17
How many cards can I have for one account?,39
Why isn't the recipient seeing the transaction? I just sent the money.,66
I think the exchange rate for the cash I withdrew was wrong.,76
Why is there a pending transaction on my card?,45
Why did they charge me an extra $1?,34
It won't let me activate my card.,0
"I still have not received my new card, I ordered over a week ago.",11
I saw a fee on my receipt from withdrawing money while shopping earlier.  Is there supposed to be a fee for this type of transaction?,19
Do you take both Visa and Mastercard?,73
Why was my cash withdrawal declined by the ATM?,26
Can I track the card you sent to me?,11
Can you check if my money has reached my account since it is not showing up yet?,5
I need to reverse a transaction,8
I got cash and the exchange rate should have been different than it ended up being.,76
What do I do if my card is expiring soon?,9
Why was my transaction not approved?,35
My daughter need a card from this account. Is that possible?,39
Is there a reason my top-up has been cancelled?,61
What is the charge for paying with my card?,15
What would II do if I wanted to activate my new card,0
I accidentally made a payment to a wrong account. What should I do?,8
I tried to transfer but it was declined,27
How long until my new card gets here?,11
I need a new card and I live in the United States.,24
"I was charged a fee when I transferred my funds, why?",64
Can someone assist me with activating my new card?,0
Can I get a refund on an item?,52
Can I get a card despite the fact I'm not in the UK?,24
I tried to pay with my card and it didn't work,25
How do I find the refund on my statement?,51
The app reverted my top off.,61
I am noticing that a refund of a large purchase still has not been credited to my account. I contacted the merchant a few days ago and he assured me that he would submit it right away. Is there a status update?,51
I completed a money transaction but the recipient hasn't received it,66
When will my pending payment finish?,45
It's been some time since refilled the top-up.,47
I did not make a direct debit payment as listed on my app,28
Where can I link a new card?,13
Why did you charge me extra?,34
Can you help with a transfer to an account,7
Why didn't my payment process,45
Did you start charging for cash withdrawals? I thought it was free so far but noticed suddendly there is a fee. How much do I need to pay?,19
"How can I fix my card, it got declined twice.",27
Why did my transfer to a beneficiary fail?,7
My account shows the card payment cancelled.,53
"I have made 5 attempts to make a very standard survey, yet I can't get it to work. What is the problem? Is there an issue related to your system?",35
"I deposited a cheque, why isn't my balance showing that I did?",6
How long does it take for a new card to ship?,11
This exchange rate on my purchase is wrong.,17
Why is my withdrawal wrong? I took out $100 but only received $20.,75
"Hello, I tried to take out some money out of the ATM, but it's still showing that it's pending? I really don't want to be charged for this.",46
Can you tell me why I haven't received my new card?,11
I have a problem with my account. I tried to transfer some funds and the message came back declined. Can you help me?,27
I need a refund on a direct debit that shows in the app because I did not make it.,28
"im so mad right now. theres several charges that I think my x boyfriend made on my card. the companys on the website wouldn't refund me my money, they told me to contact my bank. DO something please.",28
My app says I withdraw funds from my account through an ATM.,20
How come I can't put money in my top up account?,61
The exchange rate you are using is bad.This can't be the official interbank exchange rate.,17
I didn't do a payment and I have it now.,16
"I'm looking at my statement, and my refund is not on there.",51
Where did this extra €1 fee on my statement come from?,34
"For some reason, the money I added was returned.",61
People are using my debit card - help!,28
There is a cash withdrawal on my statement that I did not make,20
Why am I unable to transfer money when I was able to before?,7
What cards do you offer?,73
"There is a direct debit charge that I don't recognize, what can I do?",28
"When I got cash, my exchange rate was wrong.",76
"I am attempting to make a purchase online, but my card is not working.  I know there are funds available, is this an issue on the banks end?",53
How long will it be  before the person I sent money to is able to see it?,66
How long is the wait for a money transfer to post?,48
I see cash in my app but I did not get it.,20
Can I get some help activating my new card?,0
"I tried and tried, but I could not complete my transfer. Tell me what is wrong.",35
How do I know if my top-up went through?,47
My statement has a charge that shouldn't have been made.,52
Is there a way to revert my transaction from this morning?,8
I was wondering how long does it take for a payment to go thru? It seems my last payment is stuck and hasn't moved.,45
I'm upset because I got charged a ridiculous fee when making an ATM withdrawal over a holiday weekend.  It didn't notify me beforehand either or I wouldn't have ever done it.,76
I was overcharged a pound.,34
The first payment I attempted for my card at the store earlier did not process so I had to make a second attempt. The second time it worked. It now appears I was charged twice. After looking at the app I see a pending charge. Please remove the pending amount because it is clearly not accurate and was declined.,63
My card is being declined for a purchase. I bought items before and the card worked. Do you know what the problem is?,53
I have been charged with a fee for paying with my card.,15
why is there a service fee on my statement?,34
"I was charged twice, when I didn't purchase anything twice.",63
Why is there a transaction that shows multiple times?,63
How come I can't take money out of the ATM?,26
My bank transfer is still not showing up in my account.,5
I contacted the seller and he won't respond.  Please just refund me my  money.,51
An unauthorized payment is in my app,16
I have a direct debit I didn't make,28
After I transferred money the balance remained the same.,5
I found a charge for a direct debit that was not made by me.,28
The amount of cash I received was different than what I requested.,75
Why have i been charged a fee for using my card?,15
Why is there a cash withdrawal I didn't make?,20
"Everything seems fine with my account, so why did it decline my payment?",25
Why was I not allowed to do a transfer to a beneficiary?,7
how long does it take to reflect in my balance a top up,47
"I did a payment with my card but seem that didn't work, it's still listed as pending since a while ago. When does this actually go through?",45
Will I be charged for a cash withdrawal?,19
"It's been two weeks, why has the transaction for $1.00 not been reversed?",34
How do I view the card I received in the app?,13
I need help with some transactions in my account that I dont recognize or remember purchasing. Im not sure if the name is just different or what. Should my card be put on hold while the issue gets figured out to be safe or is it ok?,16
"I have made a payment by my card, and its still pending since a long time. Could you please tell me when it will process.",45
Please tell me how the exchange rate is determined. I was expecting more money for the transaction.,76
I made a top up yesterday but it's still pending.,47
Do you have a tracking number for the card I was sent?,11
Help! I just realised someone has apparently withdrawn money using my card! It's from some odd remote town where I definitely haven't been. Please freeze it immediately!,20
Can you explain why I am now getting charged a fee for using my card?,15
Why was I charged an extra fee from the ATM?,19
how come my withdrawal rate is wrong for my cash withdrawal,76
Why is the exchange rate wrong when I purchase something abroad?,17
Am I able to cancel a transfer I just made,8
top up not completed,47
I need help making this transfer. I keep getting an error. I'm trying to purchase a flat but i need my mortgage payment to go through first. Can you help?,35
I have multiple of the same transaction,63
"I'm not in the UK, but can I still get a card?",24
My card has been charged two separate times for a single transaction.,63
The ATM won't let me take out cash,26
Could you explain your rules for ATM fees?,19
I need my account checked because it appears there is a problem. I attempted to update my balance yesterday using cheque but it doesn't seem to have worked.  Should this not be faster than this?,6
Was there a number to track that I could get?,11
How do I cancel a transaction?,8
I am missing a refund.,51
Still waiting on a refund.,51
Hello. I'm on holiday and didn't bring any cash with me. I need to withdrawal my home currency from one of your machines. Do you have any that will do this and is there a charge?,76
"I would like to re-activate my card, it was previously reported  lost but I found it this morning.",13
"I was attempting to purchase a golf club off eBay yesterday, but my credit card was declined. I tried multiple times, and again this morning. Can you check into my card please?",27
Can I get a Visa from you?,73
"I know I didn't make this payment showing up on my card, I don't remember this person at all.",16
My card still hasn't been delivered,11
Please help me!  A payment I made had an error on the account number and I can't cancel on my side.  Can you cancel it?,8
I attempted to top up my account but it's been frozen in a pending state for well over an hour now! Is this normal? I'm a new customer and this is my first time doing this. I assumed it would be done quicker than this.,47
I have duplicate charges for the same transaction,63
I didn't see any reason why my transfer was declined. What gives?,27
I just found out from the seller that my money didn't go through. I checked my account and it was deducted at first but now it's back in my account. Can you  please fix this for me quickly?,53
Can I add a card to back into the app?,13
Explain why a card payment would be cancelled?,53
"I'm having issues with my card. You guys keep declining it for some reason. I haven't had any issues up until this point. What is going on? I've tried a handful of times with the same, unfortunate, result!",27
"If I don't live in the UK, can I get a card?",24
I topped up but it isn't in my account,47
"Hi, I don't think your exchange rate is right. I need you to check the official interbank exchange please.",17
I had a decline on my card. Why?,25
I requested a refund but can't see it.,51
Can I have a third card?,39
Why doesn't it show that I did a balance transfer?,5
What are the steps in order to activate my new card?,0
My card payment failed.,25
"Looks like my card payment was duplicated after all. I went to pay at the store earlier, got declined once,second time it works. App still stays pending for one of the payments. Can you remove one of them as it's wrong and clearly was declined?",63
What is the reason my top-up is still pending?,47
I was wondering why my card was declined,25
My card payment won't work.,25
Can you look into why my most recent top-up is showing as pending? I thought it was supposed to be instantaneous.,47
How can I check on the status of my new card?,11
Why has my transfer been declined?,27
How do I add my card to the app once I get it?,13
Can you tell me why my card payment did not work?,25
"It is still pending, I am still waiting. Your system just shows my top-up as pending. What is happening?",47
Do you give refunds?,52
"Hi! A seller that I requested a refund from a long time ago has yet to send the money into my account, even though I keep checking it. Can the seller be contacted by you guys to see what's going on?",51
"I found my card in my jacket this morning, so can I reactivate it?",13
Do you know why my card payment has been declined?,25
I have an odd payment in my statement,16
I have an unusual payment in my statement,16
My ATM withdrawal was cancelled,26
The ATM gave me the wrong amount of cash today when I went to withdraw. The app says it was more.,75
I need to top-up my card today urgently but my card keeps getting declined!! Can you please resolve this problem or let me know if you have any alternatives,59
Why did my my transfer get declined?,27
Why did my payment not go through why did it cancel?,53
Why do I have a strange payment on my statement?,16
I'm not sure why my account has been refunded a payment for an item I've already received about 2 weeks ago. Can you please tell me what is going on?,53
In a recent withdrawal I received less cash than I expected to receive.  Did someone make an error with the exchange rate?,76
I an not sure but it looks as if a card payment I made was cancelled.,53
Why is there an extra dollar charged to my account?,34
"Fix your system. I can't make transfers, I've tried like 5 times already.",35
Will my transfer be done soon?,48
The app denied my top-up,59
How do I cancel a purchase?,52
Hello! I recently made a purchase and I'm needing to cancel my order and process a refund as soon as possible.,52
Why am I being charged more on exchange with things I bought abroad?,17
"I just transferred some money into my account and do not see it updated yet, can you assist?",5
"Hi, I have withdrawn cash from the ATM on holiday and i guess withdrawal amount has been overcharged. I did it as i was not aware of these charges.",76
"What's go on, where is my new card?",11
"I didn't mean to do the transfer, is there any way to cancel it?",8
Why is there a €1 charge on my statement?,34
When will I get my card?,11
Can i cancel this purchase?,52
How can I tell if my card payment is reverted?,53
Why did you charge a fee when I withdrew from an ATM?,19
I have a direct debit on my records that is strange and I need help.,28
"I tried again to top up my card after doing it a couple days ago when it had worked. Now, it doesn't seem to be working. Can you tell me what the deal is here please?",59
I tried using my credit card with top up but it didn't work! I thought it was supposed to?,59
I just initiated a transfer but I'd like to cancel it.,8
My card payment was reverted,53
I don't know why my card payment did not work,25
Do I have to go somewhere to activate my card?,0
I attempted to top up but the app denied it.,59
I see money go out that I didn't withdraw.,20
I added money to the card but the transaction didn't go through,47
"I received my new card, how is it activated?",0
I am reluctant to use ATMs international because I don't get an accurate exchange rate,76
"I would like to activate my card to use now, can you help me?",0
"What is this card payment, I do not recognize it.",16
Why is there an extra charge of 1 dollar on my statement?,34
WHY IS THERE AN EXTRA FEE FOR USING THE ATM??!!!,19
Is there a transfer fee?,64
How do I activate a card I received?,0
I tried updating my balance by cheque yesterday but it doesn't seem to be working. Shouldn't that be faster? Please check my account something has gone wrong there.,6
So what items  actually come  with  extra  fees,15
top up did not complete,47
I was not able to use the ATM to get cash,26
"My card is expiring shortly.  How much will it cost for a replacement, and how soon can I get it?",9
I'd like to order an additional card,39
Help please!  My rent payment is coming out tomorrow and I made a payment mistake yesterday! Can you put in in the correct account?,8
My account statements show a debit payment that I didn't make it's from some time ago I need to know if it is disputable.,28
Am I charged a fee to transfer funds?,64
I transferred money but the balance did not update.,5
The balance does not appear to have updated.,5
There is a payment in the App that is not mine.,16
I hope you can help me. Someone has stolen my wallet and now I have noticed that they have been taking money from my account.,20
I believe my card has been compromised as there's a cash withdrawal I don't recognize.,20
"I think my card is expiring, what happens then?",9
I topped up my card but the app rejected it.,59
Why can't I withdraw funds from my account?,26
The incorrect rate was used in my foreign purchase,17
can you tell me why my card was declined?,25
I need someone to find out where my money has gone to? It has disappeared. I completed a top up earlier and seen it had went through. Since it has now disappeared I need to know what's going on.,61
How do i activate my card,0
My account was charged a fee. When did you start charging extra for card payments?,15
I received the wrong exchange rate for an item i bought.,17
Why can't I use this beneficiary?,7
"I have a question about ATM transactions. Can I take money out of an ATM when I'm traveling abroad? And, can I get the money in my home currancy?",76
Can you look into my top up please.  I made it over three hours ago and yet it's still pending.,47
How can I choose between Visa and Mastercard?,73
When I got cash the exchange rate was wrong,76
top up cancellation,61
Can I track my card while it is in the process of delivery?,11
Can I get a card although I'm not in the UK,24
I have a strange cash withdrawal in my statement,20
There's a payment with my card that I didn't perform. I don't know that name shown.,16
Is there a reason why my transaction is taking so long?,66
"Please put a freeze on my card,  I am worried there has been some payments on it and I don't know what for.",16
"I completed an in country transfer a few days ago and was sure to check the account information several times since the transaction was completed, but the funds are still not available. What is the problem?",66
My cash withdrawal shows as pending still.,46
Is it right that I've been charged for transferring money?,64
My foreign currency exchange has been applied incorrectly.,17
I have an incorrect charge and would like a refund.,52
I made a cash deposit to my account but i don't see it,6
Please sort your top up! My top up has been pending for an hour already. Can you please make it go through as soon as possible. I really need the money.,47
I have a duplicate payment on my account,63
How does my top-up got cancelled?,61
I have a top-up that's still pending and wanted to know about it.,47
I was charged twice.,63
I don't understand why my payment was declined. I thought everything was ok.,25
There is a payment showing that I know I didn't make. I didn't use my card that day and I'm sure of it. Can you please cancel that transaction and return my money? Thankyou,28
"i need a refund from you because the merchant is refusing, can you do that?",51
I made a cash withdraw and it shows up as pending why is that?,46
I think my top up has been reverted,61
I would like a refund for something I bought,52
How do I fix a reverted top up?,61
I noticed that my card was charged more than once for one thing.,63
Which countries are supported,24
The app is showing a direct debit payment that I never made,28
My attempted transfer failed.,35
Why am I being charged a fee for transferring money?,64
There has been a charge pending on my account statement that I can't figue out it's for a dollar.,34
Why was I charged twice for the same transaction?,63
When I made a transfer I was charged extra.,64
I want to talk about an order that I placed a long time ago and have yet to receive. I demand a refund due to lack of delivery of the product!  I refuse to pay for something I never got.,52
What do I need to do to cancel a transaction?,8
"Hi, I am currently in the process of buying a flat and I am waiting for the mortgage to go through but it keeps showing up as an error.  Do you know what could be causing this and can you help me get the money over.",35
Why did my money disappear when I topped up??,61
i asked for 100 only got 80,75
I used an ATM in a foreign currency but the rate applied is wrong!,76
My cash received does not match what has been requested,75
I sent a cheque  a few days ago and nothing has happened to my account yet. Can you please check on this for me?,6
The receipient doesn't see my money transfer.,66
Why didn't I receive the right amount of cash?,75
Do you have to be in the UK to get a card?,24
When my card expires what is the cost of a replacement and how fast?,9
What are some reasons that would cause ATM machines to decline my card? It has happened to me multiple times!,26
"In my statement, there was an extra €1 fee",34
Why was I charged a fee for my withdrawal?,19
I tried to get cash at some ATM in the city centre earlier but the machine declined my card. I've seen it still shows up as pending in my account. Please cancel it immediately as I definitely have not received that money!,46
"My beneficiary has been denied, is this normal?",7
Please help me as my online payment is getting declined since yesterday while i am trying to purchase something online.,27
Why did my transfer get declined?,27
Transferring money in 2018 to another country shouldn't take this long. My transfer has been pending for too long. I verified my account details are correct.,48
There has a recent suspicious withdrawal on my bank account. Is it possible to freeze my card?,20
My credit card has been declined.,25
My payment came back for something i'm trying to buy online? it's been doing it for two weeks.  do you know what the issue is?,53
I can't see my refund on my account,51
I'm sure I have enough money so why didn't the store accept my card?,25
There has been a red flag on my top up.,59
There is a fraudulent charge on my statement.,16
I want a refund for an item,52
"Hi. A couple hours ago I make a transfer from my UK bank account, but it hasn't shown up. Please, would you see what the delay is?",5
"Where can I find out the fee structure for my account? I have been charged fees for some transactions, but not for other ones. I can't find a pattern in these fees.",15
I tried to buy something online yesterday but it kept saying declined. Tried again today but same thing happened. What's broken?,27
Cancel my last transfer,8
"Your top-up function isn't working, it still says pending even though I know my card works.",47
"My app says I made a withdrawal, but I didn't.",20
How long before I can see that my cash withdrawal has taken place?,46
The app shows Direct Debit payments that I didn't make,28
I'm at the ATM right now and it only allowed me to withdraw 10 pounds instead of my requested 30. What's going on? How can I fix this?,75
What card types can I choose from?,73
I am having trouble activating my card.,0
"I thought cash withdrawals were free? Why have I been charged a fee? Also, how much is this fee?",19
Can you explain why my transfer was unsuccessful?,35
What do I do if my payment was reverted?,53
"I tried topping up my account but it failed, can you help me?",59
I keep checking my statements but nothing shows up.I requested a refund a long time ago but seems like it's not submitting my account for some reason. Can you please help me get the money back from the seller for me,51
Can you give me a visa?,73
My transfer into my account isn't showing up.,5
What is going on with it saying my card payment was declined?,25
My card is about to expire. Do I have to go to a branch to order a new card?,9
Help!  In the app there is a direct debit that I don't remember.,28
I think my top-up was cancelled.,61
"I don't know if this is an issue with the ATM or my account, but I just tried withdrawing 30 pounds from the ATM I'm at now and it only gave me 10. Is this a glitch or what exactly is going on?",75
I tried transferring to an account but it didn't go through. What happened?,7
Should my top-up be completed by now?,47
My card never arrived.,11
There is some odd 1£ charge that appears as pending on my statement. What's that about? Pretty sure I haven't purchased anything for a pound there.,34
I transferred some money but it is not here yet,66
What is the process for activating a new card.,0
Was there a way for me to get tracking for that?,11
"The day before yesterday, I performed a transfer within the country. It still has not completed. Can you check on that? The account number is definitely correct, as I've checked.",66
There's a cash withdrawal I didn't make,20
"So, I am a new customer and attempted to top up for the very first time today. It's already been pending for half an hour and doesn't seem to be working. I need to please get this fixed.",47
The ATM only gave me 10 pounds when I withdrew 30. What do I do?,75
It seems like a transfer is pending.,48
I don't understand why there is an extra €1 fee in my statement.,34
Why did my transfer decline,27
The ATM did not allow me to withdraw,26
my transfer isn't there,5
"How long does it typically take a transfer to go through?  I sent some money to a friend earlier today, and she really needs it.  It still is a pending transfer, even though I sent it a few hours ago.",66
The wrong exchange rate was used when I bought something with a foriegn currency.,17
I topped up but my money is not showing. Why is that?,61
Why hasn't my account updated?,6
What does it mean if my payment has been reverted?,53
How do I link this new card?,13
I used foreign currency to buy something and I think the rate applied is incorrect.,17
My card payment was cancelled.  Why?,53
What countries are you issuing cards for?,24
"who do I talk to, to cancel a transfer?",8
Please explain why the transfers shows up as pending?,48
"I tried taking money from the ATM but no money came out, but the transaction is still pending? How is this possible?",46
I think I was charged extra on my payment on last Saturday.  Maybe the exchange rate was wrong?  I'd like a refund.,17
I believe my exchange rate is incorrect,76
Why is the exchange rate so high? This should have been a much higher amount of cash for that to apply.,76
There was a direct debit transaction I have don't think should be there.,28
"I  have been charged more than I should for the presents I bought  when abroad, the problem seems to be the exchange rate.",17
I got an unexpected charge on my transfers. How can I correct this?,64
I am travelling and I tried to withdraw cash but didn't get what I was supposed to get.,76
I wasn't allowed to transfer to my account,7
My cash withdrawl was declined why?,26
Am I allowed to give my daughter one of my cards to use?,39
How do I get a refund for an item I bought?,52
Is there a longer processing time for international bank transfers?,5
Hello. I'm trying to transfer some money to a friend but it keeps getting rejected. can you help me?,35
I added money through a bank transfer and it is not showing in my balance.,5
I didn't receive the correct exchange rate when I got cash.,76
"I made a mistake of transferring, can I cancel my previous transfer?",8
I'm not okay with this fee on my statement.,34
I have an unfamiliar direct debit in my statement.,28
"I ordered something, and now I have buyer's remorse. Since what I ordered hasn't come yet, can you just cancel the payment since I already know I want a refund for it?",52
My account transfer was not cleared.,7
"My beneficiary is not allowed, please may I have answer as to why this is?",7
"How come you charge for cash withdrawals? I withdrew cash after buying groceries today, and there seems to be a new fee",19
My card was not accepted.,25
I didn't take out money from an ATM but my app statement shows that I did. How can I fix this?,20
Transfer isn't working?,35
There is a fee on my account. Why?,15
What can I do if my card still hasn't arrived after 2 weeks?,11
Why is there a direct debit set up in my name?,28
Tell me why my card payment was declined.,25
Please tell me why the purchase I made online returned payment. I really wanted this item and I've been trying for 2 weeks.,53
Is it normal to see a fee for transferring money?,64
Why has my top up been returned?,61
Why has my deposit in the ATM not cleared yet?,46
i bought the wrong size and would like a refund,52
I found the card I thought I lost this morning. Can I reactivate this card?,13
Why am I seeing a direct debit thats not mine?,28
"I needed cash today, so I used another provider's ATM, and when I attempted to withdraw, it declined. I just checked it out and I'm still showing my account with that amount pending! I didn't take any money out, it was declined, so I don't want that to be processed as a withdrawal.",46
I have tried a couple of times to make a purchase and my card keeps getting declined. Why do you keep denying my transfers? I have already tried a couple of times and it's not working.,27
Can I use visa or mastercard with your service,73
"I tried using a check to update my balance, but it isn't work? Is something wrong?",6
Why has my withdrawal not posted?,46
How come I'm not allowed to transfer funds right now? I just keep getting an error message.,7
I haven't gotten my credit card in the mail.,11
The amount of cash I selected to withdraw is different than what I received.,75
"Hello. I bought an item a while ago, and have since requested a refund.  However, upon checking my online statements, it seems that I haven't been issued a refund yet.  How can this be remedied?",51
Do international transfers take longer?? I made a transfer from France 2 days ago but it's still not there yet...,5
"I'm not sure why my card payment was cancelled, can you find out why?",53
Can you please check why I am having this extra fee on my statement.,34
Reasons for top up cancellation.,61
I have been trying to exchange this for crypto but the app won't work could you please help me?,7
I did a transfer to my account but it doesn't show up,5
It's been a week since you sent my card and I still don't have it.,11
Is there a reason why a recipient might not see my money transaction,66
The app said I withdrew cash at an ATM and I didn't,20
Do you know why my card payment was reverted?,53
Why does it say pending cash withdrawal on my statement?,46
Where can I have a new bank card sent to China?,9
Why isn't my cash deposit showing up in my account? I deposited it this morning.,6
"Hi need your help for getting the refund or cancel the payment of an item, i have ordered but still have not received it.",52
what is the word?,28
My refund has not shown up on my statement.,51
My card didn't go through.  It doesn't make sense.  You told me that everything was ok.,25
I was getting some cash out of the ATM but it cancelled on me without warning.,26
I don't have any idea what's going on but all of my transfers keep getting declined. I have double-checked over all of my recipient names and they are correct.,27
How long will it take to refund me,51
Why would the ATM machine fail to give me the cash withdrawal I requested?,26
I don't live in the UK. Can I still get a card?,24
I have paid money into my account but it doesn't show.,6
Seems like my transfer was declined how come?,27
How do I link the new card?,13
"I wrote a check to the account yesterday to add to my balance, but I don't see the amount of the check reflected anywhere.  Is it being held up for some reason?  I should have seen a new balance by now!",6
What is this withdrawal as I do not remember making it.,20
I made a payment with my card that was cancelled?,53
What happens after my card expires?,9
My cash transaction isn't showing on my account,66
Do you supply both Visa and Mastercard?,73
Why was my cash withdrawal given the wrong exchange rate?,76
Do you have to order a new card before your current card expires?,9
Why does my top-up get cancelled?,61
Why did the ATM machine fail to give me a cash withdrawal?,26
Some cash shows up on my app.,20
How do you figure out the exchange rate? Can you explain why I got less money than expected?,76
I'm pretty sure my top up is still pending.,47
I am not Happy with this product can i get a refund?,52
"Hi, I am disappointed to see such a bad exchange rate and hope you can assist me. Would you be able to confirm the official interbank exchange rate for me?",17
I attempted to get money in cash but it was refused!,26
What is the payment in my account that I did not do?,16
My balance doesn't show my deposit.,6
How do I begin the process of a refund?,52
"I topped up recently and saw the money go through, but now it's just gone? What's going on",61
"I am tired of getting charged fees, and I have no idea why, please let me know what/when you charge fees for.",15
Can I put my found card back into the app on my phone?,13
Why has my payment not gone through?,45
Why wasn't I able to transfer to another account?,7
"My transfers keep on getting declined. My card was working fine up until now, however it has suddenly stopped working. Why is this?",27
Can you please help me in canceling my order.,52
How long can an EU transfer take?,48
Why isn't my refund showing in my statement?,51
The recipient doesn't see the money transaction I made,66
I requested $100 but only got $20,75
there is a transaction on my account that i didnt make,16
When would my card be charged an extra fee for a transaction?,15
The app is showing an ATM withdrawl that I didn't make.,20
where is my new card?,11
"I'm going on a trip soon and I needed to convert my Russian ruble to UK pounds, but when I did, your company charged me above the exchange rate. Did you mess up my transaction?",17
Why do I see a fee when I do a transfer?,64
I would like to receive a few more physical cards.,39
My card isn't here yet.,11
Why is my balance the same after a transfer?,5
I am not recognizing a debit payment from my account.,28
What was the extra charge for using my card?,15
What happens if my card expires?,9
Why was a transaction on my card declined?,25
I got some cash in the ATM but its still pending,46
Who do I talk to for transactions debited twice?,63
"Help me!  When I was abroad, the exchange rate was wrong.",76
Why hasn't the transaction I did arrive yet?,66
"You keep declining my transfers? It's always been working really well so far, but when I tried to buy something just now the card got declined. I tried couple times already but same thing.",27
$20 came out instead of $100,75
I didn't cancel my card payment.,53
I sent you a cheque a few days ago and I noticed that nothing has happened yet. Can you tell me the status of my cheque please?,6
Why was the exchange rate so wrong when I bought something!,17
"I usually don't get charged for transfers, why was I this month?",64
What is happening?  I have tried to transfer money 5x already.  Is the system down?  This shouldnt be happening as this is a basic transfer.,35
I returned something to a  store but can't see my refund.,51
I think there's been an unauthorized cash withdrawal from my account.,20
Why does my transfer keep generating an error message?,7
I transferred money but the recipient does not see the funds in their account?,66
My latest payment was declined! What happened! I was told everything had been resolved and was back to working order again.,25
Is it possible to get a Visa here?,73
"How long does it take for transfers to finish?  I sent funds to my pal, and she says that she has not gotten anything.",66
Im trying to top up my card but it's still pending and it's been an hour. Is there any way to make it go through faster? Do I not have enough?,47
"my cash withdrawal is pending, why?",46
What happened to the money that I deposited?,61
"I put money into my account in the form of a cheque, but my balance did not change.",6
"I recently reported my card as missing/lost, and I just found it. Can I still use it?",13
The ATM I'm standing in front of only gave me 10 pounds rather than the 30 pounds I wanted. The app shows I took out 30 pounds also. What do I need to do to fix this?,75
I'm still waiting for my transaction.,66
are there any country restrictions?,24
Is ordering a new card from China available?,9
I bought something in another country but the exchange rate is wrong,17
I was denied cash at an ATM,26
My payment's stuck on pending.,45
Still waiting for transfer to be completed.,66
i do not know what this charge is for,28
Why does a cash withdrawal show as pending?,46
The top up failed,59
I purchased something about one to two weeks ago but for some reason the payment was returned to my account today even though I've already received one of the items. Can you tell me what's going on?,53
I was charge a fee that I wasn't told about,64
Why is my balance the same?  I processed a transfer.,5
How can I fix this? The ATM gave me more cash than I'd asked for.,75
I didnt get the correct exchange rate for getting cash,76
A payment shows up on the app that I never made.,16
I was the victim of someone stealing my wallet.  My card is being used and it isn't me.  What should I do?,20
Why isn't my topup working?,59
I have a strange direct debit in my statement,28
I am trying  to  transfer and  it has been  stopped why is  that,7
I'm cancelling this charge. I still have not received what I bought from these people a while ago.,52
There is a withdrawal on my account I didn't make.,20
How do I track the card you sent me?,11
I need to cancel a transfer,8
"I put cash in my account, but I don't see it.",6
Where is my money? I transfered it and it isn't in my account.,5
I attempted to get cash in the ATM but I was denied,26
What does a pending cash withdrawal mean?,46
How long should it take for my new card to arrive in them mail? What should I do if I never receive it?,11
I was charged an incorrect exchange rate for a withdrawal.,76
Can I get a card that works in other countries like Africa and Indonesia?,24
Can i get money back in my home currency at  ATM? As I am on holiday and bit concerned because i do not have any cash with me . Is it possible to withdraw without any additional cost.,76
My card payment still pending,45
Card activation is not working. What do i do?,0
How long does it take for a purchase to go from pending to authorised?,45
I wanted to know why a top-up I made has been reverted.,61
"I need help. I asked for a refund from a merchant a while ago, but I have not gotten my money back. I keep checking my account, but nothing is showing up. What should I do now?",51
I recently made a transfer but I need to cancel it as soon as possible.  Please let me know when this happens.,8
Do you offer multiple cards for the same account?,39
My transfer didn't go through.,35
Payment I didn't do.,16
I see an unauthorized withdraw.,20
Why did the funds for one of my purchase come back to my account?,53
"I made a bank transfer earlier from my UK account.  I don't see it yet, can you check the status?",5
"My order hasn't shown up yet, what can I do?",52
Waiting for the cash I deposited this morning still,6
Tell me why my balance did not change when I tranferred cash.,5
Why won't my transfer go through?,35
Tell me what I need to do to activate my card.,0
My top up did not go through yet.,47
Please cancel the transfer I just made.  I put in the wrong account number and can't seem to stop it on the app.,8
I have a strange transaction on my account which appears to pertain to a cash withdrawal I made outside Nandos in Leeds.  What is that for?  Is it fraud?,19
How can I dispute a direct debit transaction?,28
"I believe my money did not go through with my top up, was there a problem on your end?",61
"My card will expire soon, do I need to order a new one?",9
what countries can i use my card in,24
Can I have a second card issued to another family member?,39
My card payment has not been withdrawn from my account,53
Is there a reason why there is an extra £1 charge on my account?,34
I attempted to get cash in the ATM but it was not authorized,26
Why did using an ATM cause me to have an extra fee charged?,19
"Hello I made a bank account transfer from the UK. The transfer was a couple hours ago, nothing has shown up yet.  Can you check to see if everything okay. Please.",5
Why would a merchant revert my payment?,53
"Hello,  In my most recent ATM transaction, I didn't receive nearly as much cash as I thought I would - what is your exchange rate policy?",76
What do I need to do to activate my card?,0
I need mastercard as well as visa,73
Why is there an extra fee charged?,34
Do you support all countries?,24
Is there a way for you to find out why my account was deducted from a seller when I didn't approve of it?,28
There is money missing from my account.,20
My product hasn't arrived even though I ordered it a while ago. I want a refund!,52
My withdrawals were going smooth until I got declined today. What is going on?,26
Did I do something incorrectly? Where is my top-up?,47
It has been forever ago that I made an order online. The product simply is not coming. Just give me back my money because I'm not paying these people.,52
How do I link a new card?,13
The card payment didn't work,53
What does it mean if my top-up has not gone through?,47
How long does it actually take my card payment to make it to the account? I've made a payment a couple of days ago but it hasn't moved since.,45
I don't know what's going on but all of my transfers keep getting declined. I have checked over the recipient details twice. These details are all correct.,27
Why did I get charged a fee for my card payment?,15
How long does it take for the transfer to go through?,66
"I did what you told me earlier and contacted the seller for a refund directly, but nothing is happening! It's been a week and I still haven't got anything. Please just give me back my money",51
What is the status of my card's delivery?,11
im not sure what this charge is for,15
Why did I get charged a fee for my transfer?,64
Why is my cash withdrawal still showing as pending?,46
I am having a huge problem with my card being declined and it's really important that I top-up today.  Would you please look into this further and let me know how I can get this fixed?,59
Which type of card will I receive?,73
"I had a seller reach out to me saying my money didn't come through to them, but I'm sure it was removed from my account. Can you figure out what the deal is here?",53
Your exchange rate is totally wrong for my card payment,17
Do I have to pay for a second card?,39
Where'd the rest of my cash go from the ATM,75
when will I get my refund?,51
"Hey, I need some help figuring out way my transfer is not complete yet. My Landlord hasn't got the money yet.She should have received it by now.",66
Am I allowed to carry an additional card?,39
I wanna revert a transaction i did this morning.,8
I tried to make a transfer and it didn't work.,35
You shorted me money when I tried to make a withdrawal.,75
My statement indicates I made a payment to an unfamiliar merchant.,16
Could you please recommend what I should do if my card keeps getting declined?  I planned to top-up today but I am unable to get it to work.  I need a fast solution to this problem.,59
Where is the tracking number for the card?,11
Why is the top-up I made still pending.,47
Can I cancel a transaction?,8
"I got a transfer fail message, but no explanation of why-- what happened?",35
Why isn't a recent refund on my statement?,51
I cannot view the refunded amount in my account.,51
What happens when I am charged twice?,63
Can you tell me why my card payment was cancelled?,53
I can't see my cash deposit in my account.,6
"I'm concerned about a payment that has recently been made on my card.  I do not recognize the name that the transaction went to, can you help me?",16
I cancelled my card payment,53
I can't transfer money from my account.,27
"When I withdrew my money, why was there an extra charge?",19
I dont see my reciept,66
I am sure I have plenty of money to transfer but my transfer is being declined.,27
"I dont know what happened, but my payment was cancelled",53
I am trying to make a transfer to a different account but they keep getting declined. I have double checked all the details and the information is correct.,27
I would like to get an item refunded,52
Why isn't my transfer not going through? I keep getting an error message.,7
"One of my card payments, I don't recognise the name of the merchant.",16
Is it free to send out more cards?,39
My payment didn't work and the money is in back in my account.,53
Please tell me why I am having problems transferring to a beneficiary.,7
I tried taking out 30 pounds from the ATM just now and it only gave me 10. Why would it do that? I need the 30 pounds now!,75
"I didn't get as much cash as I asked for from the ATM, why?",75
I think there has been a mistake on my exchange rate for this purchase.,17
There is a strange payment on my card and I don't know what to do.,16
I was charged more than once in a single transaction,63
Can I get one of your cards in the EU,24
I topped up but the app declined it,61
Is it possible to get one the your cards in the EU?,24
My transaction is still showing that is pending from my cash withdrawal.,46
"My card has not been delivered yet and its been a week since I ordered it, please help",11
Is it possible to use an ATM when I am not in the country and make a withdraw with out extra fees?,76
Why is my transfer still pending?,48
i used a check check yesterday to balance my account and it isn't showing up?,6
I did a payment but the app reverted it,53
Is it possible to get both Mastercard and Visa card from you?,73
I recently bought something abroad but the exchange rate is incorrect. Why?,17
What is the refund process?,52
I'm trying to make a bank transfer but It's not going through. Could there not be enough funds to transfer or something? Have I done it too many times?,35
"I received a fee for obtaining cash, is this correct?",19
Can I get a spare card for someone else to use?,39
Is there a reason my payments are pending?,45
The application reverted my top-up.,61
Why is there a fee for an extra pound in my statement?,34
"My card is going to expire, what do I do?",9
I got notified that my top up has been reverted. Why?,61
I have yet to receive the cash I added to my account this morning.,6
Where in the app do I link a new card?,13
"So earlier I went to an ATM and got cash. But when I checked the app, it states that the withdrawal is pending. How can that be when I have the cash on me?",46
"I tired to move my money, but my transfer was declined.",27
Now that I live in the US how can I get a card?,24
I topped up but the app did not accept it.,59
My refund is missing,51
"I made a big purchase that I regretted and cancelled, the merchant said that my refund was submitted. Can you confirm to me that all of my money was truly returned to me?",51
I would like to get help from someone with activating my card.,0
I don't think my top up worked,59
"I've been waiting for 3 days, why is my withdrawal still pending?",46
I have two of the same charges on my account!,63
"I just took some cash out of a cash machine in Heathrow airport because I wanted to buy some new sunglasses for my holiday but you've added a fee to the withdrawal, what is this?",19
The ATM keeps declining my Transaction . I tried two different ATMs already Would you please check if everything is okay with my account?,26
In what countries do you do business?,24
I am being charged a pound out of nowhere. What is this?,34
"I want a Mastercard, instead.",73
Why has transferring money resulted in a charge?,64
I did not get all the cash at ATM.,75
Why do transfers get declined?,27
Is there a  way to  get around fees,15
"Hello, can you please inform me about international transfers? I am expecting a transfer I made from France two days ago and would like to know when it will arrive.",5
Problems with my top up,59
I just got an error message saying my transfer is not possible? Why is that? I've transferred money before and it worked without problem,7
"I thought transfers were free, why was I charged?",64
Why was I charged a fee for using my card,15
Can you tell me how I go about activating a new card?,0
I got my new card. How do I activate it?,0
"I am calling because the ATM didn't give me the right amount of cash, but my app shows the actual amount I wanted to withdraw. What should I do to get my money back?",75
"Someone has a copy of my card. I have my card with me, but someone just made a 500£ cash withdrawal. Help me.",20
How much longer is it going to take to get my new card?,11
"I asked for a refund last week but nothing has happened yet, can you help me please?",51
Is there a reason I was charged a fee to transfer?,64
Why has my payment been declined? I paid by card.,25
My statement has a payment that I do not recall making,16
I couldn't get the money I needed.,75
I didn't make this direct debit transaction,28
I don't think my transfer wen through. Why?,35
"Hey there, I just went through my most recent credit card payments and I notice the same charge for a restaurant was processed twice. There was only one meal at this place, so I would like one of the charges to be reversed and my money to be put back in the account.",63
I had to pay one pound more than the set price!,34
I tried to do a transfer and it hasn't worked!,35
I need a refund for something I bought.,52
"I double checked that I have the correct account details already, they're right for sure. Transfer is still pending since forever. It should not have been done so.",48
Why was I charged when taking out money?,19
How many countries do you support?,24
"I attempted to complete a topup, and I thought all was well, but now the money is gone again. Has there been a glitch?",61
Why was my account assessed a fee?,34
Why was I charged an extra fee when doing a transfer?,64
I don't recognize this debit transaction in my billing statement?,28
I was trying to top up my account and it isn't working,59
I didn't make the direct debit payment on my account.,28
My account shows up as pending after I received cash from the ATM earlier.  How can this be still pending? I've got the cash already.,46
I was not given the amount of cash I withdrew,75
What's taking my top-up so long?,47
Can you tell me why a refund I'm owed is not showing on my statement?,51
I made a transfer a couple hours ago but my balance has not been updated. Why is this? Shouldnt this be instant?,5
How long does it take to verify a cash withdraw?,46
I tried to get funds in hard cash but it was rejected!,26
atm would not give me cash,26
My transfer hasn't gone through yet.,48
I have a transfer that was approved that I'm urgently waiting for. How long am I supposed to wait for it?,48
Why does it show that my transfer is still pending?,48
There's a payment that isn't mine on my app,16
What is the process for activating my new card?,0
Hello I changed my mind and really need a refund on one of things I bought recently. Can you please cancel the transaction and get my money back. Please it's urgent.,52
How can I fix my bank transfer to show up on my bank account?,5
Can I use my new card?,0
Why is my refund not showing up on the statement?,51
Why has my account balance not changed after depositing a cheque?,6
I paid with a card and there is an extra charge. Why?,15
My top up was denied in the app.,59
I'm being charged for using my card!,15
I did a cash deposit to my account but it doesn't show up,6
"I hate this ATM, it charged me an extra fee, Why did it charge?",19
My card expires next week. How do I get a new one?,9
My card would not work at a shop.,25
Explain what the pending payment means?,45
Can you explain why I was charged extra when I used the card?,15
I bought some things in the morning but the payment shows as pending,45
Someone else accessed my account and made a payment.,16
I would like to cancel a payment. I purchased something several days ago and i still have not received it.,52
Help!  There is a cash withdrawl on the account that I didn't make!,20
I'm having problems making a transfer to another account. I keep getting a declined message. I know that the information I'm putting in is accurate because I have checked it more than once.,27
I didn't know there was a charge for tranferring. What is the charge?,64
Why are my purchases from this morning still pending?,45
"Can you let me know where my refund money is? I requested a refund a few days back, but it's not showing up yet.  Do you guys have the money yet? Maybe it's just not in my account.  Let me know when it will become available, please.",51
I have a payment that is still pending,45
Why can't I withdraw cash?,26
"Why do you keep declining my transfers? it's always been working really well so far but when I tried to buy something just now the card got declined, I tried couple of times already  but same thing is happening.",27
Why hasn't my top up gone through?,47
I did not get the right amount of money when I used a different country's currency.,76
the app reverted my payment,53
It's only been a few weeks my my top-up got cancelled,61
I tried to get cash but it was declined!,26
What steps do I have to take to activate my card?,0
i cannot seem to activate card,0
I noticed a charge for a transfer.  Why is this?  Is it because I did an international transfer?,64
The transfer was accepted but now it's stuck on pending. When will it go through?,48
I requested a refund directly from the seller but I still don't have it. I just want you to send me my money back. I did what you said to do and I still don't have it.,51
There's an error with the rate that is charged.,17
Why isn't the transferred money there?,5
I believe that my transfer hasn't gone through.,35
Why did you guys charge me an extra €1?,34
Have have a small charge on my account from someone I purchased with but I'm not sure what it relates to.,34
"I recently made a payment, and it is showing up in my account as ""pending"". What does that mean?",45
Can you tell me if I can track the card you sent me?,11
Is my card broken? I can't get cash out of the ATM,26
"In receiving cash, the wrong exchange rate was used for my transaction.",76
Why was my request for cash declined?,26
I do not recongize a payment in my account.,16
What's the tracking on the card you sent?,11
Where can I find your locations?,24
I have double-checked all of my recipient details but for some reason all of my transfers keep getting declined. I have no clue as to why.,27
How long does it take for cash withdrawals to hit my account?,46
Why did you charge me extra for withdrawing money?,19
I am having an issue with an in country transfer I did a few days ago. It has yet to appear in my account. I have checked to be sure that all account information is correct multiple times. What is taking the transfer so long?,66
Why would a transfer to an account not be allowed?,7
Where is my refund? I have been checking my account all day.,51
Why didn't the ATM give me my money?,26
"There are a couple payments with my card shown in the app that i really didn't make myself. What's happenning with this, does someone has access to my card?!",16
can you assist me in activating my card?,0
I looked at my statement and found a payment I and found a mistake.,16
will you be able to activate my card,0
I used my card to top up but it's saying it is still pending. What does this mean?,47
There is a direct debit set up that I didn't create.,28
When will my new card arrive?,11
Can you let me know why my cash withdrawal is still pending?,46
Where is the refund on my statement?,51
I haven't received my card and am worried it is lost.,11
"I tried to make a transfer, but it didn't work.",35
The cheque I deposited isn't showing in my account,6
I didn't receive the correct amount of cash when I exchanged it overseas.,76
I could not access my money at the ATM,26
"It's declining my transfers. Normally this works, but my card is being declined now and I've tried more than once.",27
Is there a way I can get a Visa card?,73
I just bought an item and changed my mind.  I have not received it yet how can I get refunded.  Thank you.,52
Am I able to have a card sent to China?,9
How long will it take to get my refund,51
How do I go about getting a refund?,52
Am I able to get a refund for a purchase?,52
There is a payment that is not mine in the App.,16
Help! I made a transfer in error and need to cancel it before it's complete!,8
I think I was double charged,63
Is it possible to get both Visa and Mastercard from you?,73
There was an extra fee when I paid with the card.,15
Was there a problem with topping up?,59
I made a payment that is not yet complete.,45
"I did not receive my purchase, how do I cancel it?",52
I was only given $20 after trying to withdraw $100,75
I urgently need to top-up my card but its getting declined. Please help me in this or advise with other options if any.,59
If I live outside of the UK am I still eligible for a card?,24
"I topped-up my account, but I don't think it went through.",47
Why is my payment in pending status?,45
How to cancel a transaction,8
Payment did not process,7
stop the transaction,8
Where did the money transfer go?,66
Is there a fee for sending additional cards?,39
What's the limit on total number of cards I can have?,39
How long do transfers take to go though,5
Who do I contact if there is a direct debit that I did not create.,28
How long does it take for money to reach my account?,5
My money is back in my account after a seller contacted me stating they never received payment. I am positive it was deducted out of my account. Please get this sorted out right away.,53
I sent money to someone but they haven't gotten it yet,66
I've received my card so now I need to know how to sync it to the app.,13
My top up hasn't gone through,47
"I would like to make a purchase, however my card has been declined. I would like to ask the reason for this. The past two weeks, the card has been working fine.",53
What is the refund policy?,52
I have been waiting over a week. Is the card still coming?,11
"The ATM would not give me cash,why?",26
I got money overseas and the exchange rate was wrong,76
Can I order a new card?  Mine is about to expire.,9
Why have I been charged an extra pound?,34
A wrong exchange rate was applied to a transaction made abroad.,76
Can you issue both a Visa and a Mastercard to me?,73
Will there be a charge for sending out more cards?,39
Why was I declined from getting cash?,26
Why is the exchange rate wrong for my cash withdrawal?,76
I transferred money but the balance hasn't changed.,5
How do I order another card?,39
I made a purchase but never expected to see a fee charged for the transaction.,15
Explain why I can't do a transfer to a beneficiary.,7
What is the process of card activation?,0
Why is my withdrawl to cash still pending?,46
Why am I unable to withdrawal cash?,26
Can I get a few more physical cards?,39
I did not receive all of my cash back,75
I wasn't applied the correct exchange rate when getting cash,76
"Card payment was declined, do you know why?",25
Why is my top-up showing as cancelled?,61
I wanted to know why my transaction didn't go through.,27
There is an extra charge on my app that I was not told about or I was aware of!,34
Can you tell me what the cash withdrawal is in my statement?,20
"how long does it take to transfer money, my retailer is waiting",66
This rate is too low. Are you sure your using the right exchange rate.,17
How do I get a new card when my old one expires?,9
I bought something and the money appeared back into my account? Why?,53
How can I get a refund for an item I purchased but has not yet arrived?,52
I tried to do a transfer but it didn't go through.,35
Why wouldn't the ATM give me cash?,26
The exchange rate for my electronic payment is incorrect.,17
How do I dispute a direct debit transaction?,28
How long until transfers complete?,48
I used the ATM machine to get money out for Holiday shopping and saw the outrageous charges. Why is that? I would not have used the ATM if I had known!,76
Why doesn't the card payment work,25
How long do I have to wait until the transferred money shows up?,5
"Did you lose my money? I had added funds through top-up not long ago and I know they were in my account, but they seem to have disappeared. What happened?",61
Why is my cash request and the amount I received different?,75
beneficiary transfer problems?,7
My card payment was reverted.  Why?,53
I purchased something abroad and the incorrect exchange rate was applied.,17
I need help reapplying my top-up. It seems it isn't working.,59
My card is showing multiple charges for the same items on my recent statement. I was wondering what actions of needed to take to fix this issue,63
The exchange rate was messed up from the ATM,76
Can you tell me why I was charged to withdraw cash?,19
"When I got my cash, the amount was not what it should have been, based on the exchange rate.",76
"So, I was under the impression that you have an offer for crypto top up. This doesn't seem to be working. Now, the money has just disappeared from my account. What is the deal?",61
"Help, your app is showing a larger WD than I actually did earlier at an ATM.",75
I am still waiting for my card.,11
I don't need to transfer anymore and I want to cancel it.,8
"I made a transfer and according to the receiver ""they haven't received the right amount"" Its lesser than it should be.Now I have to transfer more money to make up for the missing amount . Can you please help me about this,what should be done",64
Why am I being charged for transferring money?,64
Why can't my beneficiary get access?,7
One of my payments was doubled,63
When will the cash that I put in the ATM be cleared from pending status?,46
"Hi, Last week I have contacted the seller for a refund as directed by you, but i have not received the money yet. Please look into this issue with seller and help me in getting the refund.",51
This exchange rate you use is awful! Please tell me this is a mistake and not the official interbank exchange rate!,17
Why is the transfer showing pending?,48
I've been charged more than once for the same transaction,63
Extra charge during transfer,64
My account balance has not updated to reflect my recent transfer.,5
can I use it all over the world?,24
I am interested in cancelling a purchase,52
Why did I have to pay extra because I paid with my card?,15
My credit card seems to have been declined for top up. Why is it not going through? Can you tell me what's going on?,59
My card didn't work at the ATM in Notting Hill.  Is my card working?,26
Is the 1 pound charge going to be reimbursed on my card?,34
i haven't received my order and want a refund,52
can you check why I wasn't able to top up?,59
I have a payment in my statement that is off,16
I got a message that my transfer was declined.,27
My cash withdrawal was partly declined,75
How can I cancel a transaction to a wrong account?,8
I don't know why my credit card was declined while I was trying to top-up. Was it something on my end or was there something wrong with the top-up function?,59
"Why is there now a charge for making cash withdrawals? I wanted some cash after I went to the grocery store, and there's a new fee!",19
"In my app, a direct debit payment that I didn't do shows up.",28
The exchange rate for my card payment doesn't seem right.,17
"My money is gone. I had topped up recently and saw it was there and went through, but now it's disappeared, what is happening?",61
I made a transaction this morning and would like to revert it.,8
I am not able to purchase anything online! I have been using my card on multiple sites over a period of two weeks and none of the payments have gone through. Why is this happening?,53
Do you know the process how to activate my card?,0
My statement shows and extra 1$ that was charged to it and I would like to know why.,34
My card doesn't work. I can't get cash out at an ATM,26
A shop I go to didn't let me pay.,25
Why do I have a charge for an ATM withdrawal? I thought these were free?,19
"There is an extra $1 charge on my statement, why is that?",34
Machines make mistakes too! The ATM gave me the wrong amount of money. Too much!,75
How do I make my transfer go through,27
Why hasn't my cheque processed?,6
What is the reason I couldn't do a transfer to a beneficiary?,7
How many days does a regular transaction take to complete?  I see a pending payment that hasn't changed in the last several days.,45
Do you know why my card payment did not work?,25
I was unaware of the additional charge that was added onto my previous payment. A notification of extra charges would be appreciated in the future.,15
Please check payments on my card. There is a duplicate and I only bought it once.,63
What is the fee on my card payment?,15
I want to get Visa and Mastercard,73
Exchange rate for my card payment is wrong,17
Why was my card declined in a shop?,25
I got a strange fee when I used the ATM.,19
Are your cards supported in the EU?,24
I need some spare physical cards.,39
Why is my transaction taking so long to complete?,66
I made a purchase with my card and I was charged a fee for using it,15
There are funds showing in my app that I did not receive.,20
Where is my refund? it appears to be missing.,51
How do I fix a transaction to the wrong account?,8
When will my card be activated?,0
Why did my card payment get declined?,25
I had trouble with an incorrect rate being applied when using the ATM with foreign currency.,76
why is the exchange rate for a Foreign ATM different,76
"When I went to get cash, it was declined!",26
How do I cancel a recent transfer?,8
How come there is an extra fee on my statement?,34
I think the exchange rate is wrong for my ATM withdrawal,76
"I am using the app, and I see cash withdrawals that I did not authorize.",20
Is it possible to have both a Visa and a Mastercard from you?,73
I have been charged a fee that I didn't know about. Why have you charged me extra for card payments?,15
Some of my card payments look different than where I purchased products from. Why is that?,16
"I changed the currency, but why is it costing more?",17
"I need a new card to replace an expired one. Will it cost anything, and how soon?",9
Can you explain the various transaction times shown on my statement?,63
"I live in America, but I would like a card.",24
My payment did not go through because the app reverted it,53
My card hasn't arrived yet.,11
Why is my payment still pending?,45
I'm looking for a machine of yours that will provide me cash from my home country. I went on holiday and don't have any cash on me. Will your machine charge me extra to do this?,76
"I am worried about the amount of my cheque, which should be credited to my account few days before. As i have already sent you the cheque.",6
No Visa please. I want to continue with Mastercard.,73
I cant transfer money into my account,7
"I couldn't transfer money to my bank, why not?",7
My account seems a bit off and getting weird charges.,63
I do not think the pop up went through yet.,47
The exchange rate is incorrect for my cash withdrawal transaction.,76
My card payment has been cancelled,53
I'm really stuck. I don't know why but my card payment has not gone through.,25
Can you tell me why my card is not working? I keep trying to use it but it keeps rejecting my payment. I am being careful and entering the info correctly but it still happens.,25
The ATM didnt let me get cash,26
are both visa and mastercard available to me?,73
What is wrong with my top-up?,47
I just deposited cash to my account and can't find it!,6
Are you only able to get a card if you're in the UK?,24
I sent some money and the account hasn't recived the transfer I made.,66
How long will it take for my cash withdrawal to stop pending,46
I would like to cancel my purchase.,52
Transaction refund missing from my statement.,51
Says that my top-up is incomplete?,47
"I just got my new card, how do I activate it?",0
I see what looks like duplicate charges on account.,63
"I want to start using my card, how do I activate it?",0
"I went to an ATM to get cash, but the app says the withdrawal is still pending. How is that possible when I already have the cash with me?",46
"I think something went wrong, I didn't get the right amount.",75
Why can't I make a transfer?,35
My card is not working at stores.,25
Can another family member hold a card for this account in addition to mine?,39
Why are my transfers and purchases keep getting declined?,27
I saw that my transfer was declined.,27
How do I order a new card? The current one is about to expire.,9
"I have done a transfer within the country the day before yesterday, but it's still not there yet. Can you please check what's going on with that, the account number is the right one, I've checked that several times already.",66
What happens if a merchant doesn't accept  you payment?,53
"I had a cheque deposited, but I don't see my money yet?",6
I have a strange payment in my statement,16
im not paying this transfer fee,64
The money is still in my account even though I already paid -- I don't understand what happened.,53
My transfer didn't arrive to the recipient,66
"My money has gone missing. I had recently added money in, and saw it was there and went through. Now it's missing. What is happening?",61
"Hello, I noticed there is a payment from my card to a business that I am not familiar with. I definitely did not make this payment.",16
How did you arrive at the rate of exchange? I thought that I would get more cash.,76
Is it possible to have a second card?,39
I used the wrong account number!,8
"Hello, I found the card I misplaced and I need to reactive it, how do I do that?",13
There is a strange 1£ charge that appears as pending on my statement. What's the cause for that? I haven't purchased anything for a pound.,34
My card was topped this morning but I can't see the funds. Why didn't it complete?,47
I made a cash deposit and the balance wasn't updated.,6
Can you cancel my purchase?,52
Why would I be charged a fee for card payment?,15
"Hi, i just topped up my phone and the money was deducted but it seems to have deducted the same amount again! please help!",61
Why was I declined when I tried to get my money?,26
Why is there a direct debit to my account? I didn't do that.,28
"My transfer did not work, what was the reason?",35
What is this $1 charge on my statement?,34
My ATM transaction was cancelled.,26
I sent money and the recipient has not received their money after two weeks.,66
I didn't receive the correct exchange rate for an item that I bought.,17
"in china, need new card",9
I need my card to be activated right now.,0
Have a payment that I haven't done.,16
Why do I see a random withdrawal in my app?,20
"Hi, I used an ATM today to take money out of my account, but the amount it gave me is not the amount I requested. What should I do?",75
What countries do your accounts support?,24
"I transferred 7,000 to a receiver outside the EU and they received a lesser amount than what I sent, Unfortunately, now I must send an additional transfer to the receiver so that they can receive the full amount I initially sent.  I'm not sure why they received a lesser amount than what I initially sen, but can you please look into this and let me know what happened?",64
Seems like my top-up has been cancelled,61
I couldn't get money from the ATM,26
Unknown direct deposit,28
Why isn't my balance reflecting a transfer I did?,5
The exchange rate for my withdrawal was wrong.,76
why did my payment revert,53
My payment was declined,25
"I got cash from an ATM earlier but it shows up as pending in the app. How can this still be pending, I already received the cash?",46
Why was I charged twice for my item!,63
Someone else made a Direct Debit transaction on my account,28
I just got my new card and tried using it and it was declined?,25
My transfer will not go through.,35
It looks like my top-up was cancelled,61
What are the reasons a beneficiary would be denied?,7
Was my top up reversed?,61
why hasn't a transaction to a friend cleared yet?,66
i disagree with a charge,16
I live in the US and I would like to get a card. How do I go about getting one?,24
A payment that I didn't make appears in my app.,16
There is a payment showing on my app that I didn't do. Will you please cancel this payment and refund my money ?,28
Won't let me top my card up!! Who can get it sorted out for me? It's urgent! How do I find out what the problem is with my card and how else to top it up?,59
My transfer is pending too long.,5
Why can't my transfer complete?,35
A pending charge of 1L appears on my statement.  Please explain as I have not made a purchase for that amount,34
I live in Germany. Is that one of the countries you are in? What other countries are you in?,24
I've been waiting longer than expected for my card.,11
I can't see my latest bank transfer,5
During the last month I used this account to make payments for my place abroad. I noticed the fees have increased and I wonder why. Shouldn't frequent users have less fees as incentive to keep using instead of increasing them out of nowhere?,64
My money is nowhere to be found? I talked up earlier and seen it. Now it has vanished. What is going on?,61
I couldn't get cash at the atm,26
"Hi, Could you please help me as someone has stolen my wallet few hours ago. And a withdrawal is made, please help immediately. As i don't want to suffer more.",20
For the first time I got a fee on my account. How do I know when you charge these fees?,15
maximum how many days get the courier?,11
why did i only get 20.00,75
Why am I not able to get cash from the ATM?,26
I would prefer a Mastercard.,73
How long will this card payment stay pending?,45
Why am I being charged more ?,17
I exchanged Russian rubles for British pounds today and got less than I expected. Was exchange rate correct?,17
"Hello, I'm a brand new customer and tried topping up for the first time today. It has been pending for half an hour and doesn't seem to be working. Please resolve this.",47
How do I replace a card that's going to expire?,9
"After reviewing my charges, I see I was charged a fee for a transfer I did, why?",64
When will my top-up go through?,47
Is there a fee for withdrawing cash?,19
"Hello, I just checked my card transactions and saw that I was charged twice for a restaurant visit I did earlier this week. Is it possible to remove one of them and get my false paid money pack?",63
"I tried transferring money to a beneficiary, however, I was unsuccessful.",7
The exchange rate is incorrect on an item I recently purchased in a foreign country.,17
For what reason was my transfer declined?,27
Why won't the ATM let me withdraw money?,26
I'm getting an error when trying to make a payment. I want to purchase a flat but my mortgage payment needs to go through. Can you help me?,35
How long will my payment be pending?,45
I am quite aggravated that I ordered online almost a month ago and I never got my package and I paid for it. I would really appreciate it if I could get a full refund back now.,52
Where do I link the new card?,13
Has the check I deposited cleared to I can get the cash?,6
I was just giving the wrong amount by the ATM. How do I request cash back at this point? The app is showing the amount that I actually requested even though that's not what I got.,75
I made a terrible mistake when typing in my account number.  I accidently sent money to the wrong account.  I noticed the app won't allow me to void the transaction.  Can someone help me with this immediately?,8
There was a direct debit I don't recognize.,28
"hey, I think someone stole my card numbers. There is a purchase showing up on my app from a store pretty far away from me.. I really need that money back to pay my rent.",28
"Hi, I am unable to use my card in ATM. I had tried my card in two ATMs but both ATMs declined it. Could you please check my account?",26
Why is a transfer to a beneficiary not possible?,7
How can i make my card active?,0
For how long will my transfer be pending?,48
Can someone in the US have a card?,24
Why can't I see my refund in my statement?,51
I was wondering if I could get a second card on this account? I would like my daughter to have one.,39
There is a suspicious cash withdraw on the account.,20
What will happen after my card expires?,9
Why have you declined my card payment?,25
I believe my top up has failed,59
My top up isnt working,59
I have a pending transfer,48
"Help! I keep checking my account, but my refund is not showing. I requested that a seller refund my money a while back, but there is no money showing in my account. What can you do for me?",51
"I see a transfer fee, but to my understand, that should have been free, what happened?",64
Am I able to order a new card and have it sent to me in China?,9
Can you tell me why I was charged extra when I withdrew money?,19
Why does my account not accept cash deposits?,6
There's a debit on my account that I didn't do.,28
I deposited a check but my balance is still the same.,6
I tried to buy something online yesterday and was told declined. I got the same error today after trying again. What is the problem?,27
I took cash and got charged a fee,19
I haven't received my cash yet.,75
Why is a transfer I did recently still processing?,48
My balance was not updated after transferring money.,5
On my last transaction it seem that my top-up was not successful.,61
Does the exchange rate change each day for purchases? There is a different rate on my purchase.,17
Why are my transfers being declined? It normally works but now it's declining my card. I've tried it a few times but it's still not working.,27
Why can't I transfer to another account?,7
Why is there an extra pound charge that is pending?,34
"How long do EU transfers take? I bought something online a couple days ago , sent the money immediately online but the seller says it is still not there yet",48
I see a direct debit transaction in the app that is not mine,28
"My card arrived but I need to make it work in the app, how do I do that?",13
It appears that I am being double charged for some items that I have purchased this past week.  Please review and correct.,63
A percentage fee was charged to my withdrawal.,19
My identity has been stolen. I still have my physical card but there are charges I didn't make on my account. How do I cancel this card or dispute the charges?,20
Where's the money I transferred into my account?,5
"How long do transfers from a UK bank account usually take for you? I just made a transfer and I'm not seeing anything, wondering if it worked",5
Why can't I add any beneficiary I choose?,7
Does it matter which card I use,73
I tried to top-up but it got denied.,59
My card payments have stopped.,53
There is a card payment that I'm not recognizing.,16
I'm happy with Mastercard and want to stick with just that credit card.,73
"How do I know if I will get my card, or if it is lost?",11
"I have never been charged for making an ATM cash withdrawal before, but I am now being charged a fee to withdraw cash. What happened?",19
What is the reason why the transfer shows as pending?,48
The app says I made a cash withdrawal that I didn't make,20
Can I track when my card will be delivered?,11
Am I able to choose my card?,73
The transger I tried to make failed.,35
Can I keep using my card after it expires?,9
"Hi. About two hours ago I made a transfer from my bank which is in the UK, but I don't see it yet! Would you check what's going on with it, please?",5
I need a Visa card,73
to cash withdrawals charge me?,19
What if there is an error on the exchange rate?,17
After looking at the app I noticed a couple of payments I know I did not make. Is it possible someone has accessed my card? What is actually going on?,16
I completed I transfer the day before yesterday in this country. The transfer still is not complete. I've checked on the account number multiple times to make sure that it is the right one. Can you check to see what's going on with this?,66
I got cash abroad and the exchange rate applied is wrong,76
What is the fee on my statement for?,34
I have an outgoing transfer,48
I was charged more than once for a card payment I made.,63
My withdrawl is still pending.  Why?,46
The item i bought exchanged rate was incorrect.,17
"I just bought an item and would like to stop payment, is this possible?  The item has not been received yet.",52
Why did my cash get charged a fee that should not be there.,19
"Is there a fee for making a payment? If so, let me know why.",15
"I have done a transfer within the country the day before yesterday, but it's still not there yet. Can you please check what's going on with that, the account number definitely is the right one, I've checked that already.",66
How do I replace my card before it expires next month?,9
I noticed additional charges when transferring?,64
Why was my ATM withdrawal cancelled?,26
What countries do your services support?,24
What is the process to get a new card when your old one expires?,9
I've made a horrible mistake!  I transferred money to the wrong account by accident!  I entered one of the digits wrong.  I need this cancelled immediately please.,8
Why has my top-up been returned to my account?,61
I was trying to purchase something at the store today and my card has been declined.  Why has this happened?,25
The cash I got at the ATM is still in my account.,46
I was charged several times for something,63
Some cash is showing up in my app that I did not get.,20
How can i get a refund for something i just bought?,52
"A strange card payment, I do not recognize it.",16
"I have been doing some online shopping, but when checking out, it keeps getting declined. I tried a few times and it wouldn't work. What could be wrong?",27
I see a $1 charge in a transaction.,34
Why am I charged a fee when using my debit or credit card?,15
There is a payment in the app that I did not approve,16
"My card payment is just showing up as pending since forever, what's going on with that, it should be going through at some point?",45
Why is my friend not getting a transaction arrival yet?,66
"Card has been received, how will it show up on the app?",13
My cash withdrawl has the wrong rate of exchange.,76
How can I process a refund for something I purchased?,52
I see a direct debit transaction in my history that I did not set up.,28
Whats wrong with my currency exchange?,76
I tried to top up my account and it didn't work,59
how long does it take to post atm with drawl,46
I think my top-up has failed.,59
I believe I got a wrong exchange rate when I got cash.,76
Why does it say my transfer failed?,35
What does it mean when it says that I have a payment that is pending?,45
"Would you please tell me the status of my refund request for a large purchase I made not long ago? I contacted the merchant nearly a week ago, but haven't received it.",51
why have i not got my new card?,11
What's the problem? My card keeps getting declined for top up. I need to know what is going on.,59
Please delete the duplicate payment that was made to my account. One payment is still pending and I do not want to pay twice.,63
How do I activate my new card,0
I need to order a new card as my old one will expire soon. Can you tell me how to order a new one?,9
I need to transfer to my account and cant.,7
When will my refund come through,51
"I did a bank transfer to top up, but the money is not available.",59
"I bought something while traveling, and the exchange rate was wrong.",17
I changed my mind on something I purchased through you and I need the transaction canceled and a refund as soon as possible. Can you help me please?,52
"that fee should not be there, you charged my cash for an unnecessary thing.",19
Why would the app deny my top-up?,59
"I was charged twice for a restaurant, can you take the second charge off?",63
I am under the impression that my top up is still pending,47
I tried to buy something over the Internet yesterday and got a declined error. I tried again today and got the same message. What is the issue?,27
Why can't I take $100 out,75
I tried to get cash out of the ATM but it is taking too long,46
I don't see any change in my balance.,5
I made a check and cash deposit that wasn't credited to my account.,6
Can you help me process a refund?,52
Someone else used my card to withdraw cash from an ATM,20
I'm not able to withdraw money from the ATM but I'm not sure why.,26
"On the card that is coming, what's the tracking info?",11
The $1.00 has still not been reverted as indicated in the previous email.,34
"There's an extra fee on my statement, why is that?",34
"I've been trying to transfer funds to top-up my card, but the transaction is not going through.  Is there something I'm doing wrong?",59
I no longer want this can i cancel my purchase?,52
"My withdrawal is pending, why?",46
What is this direct debit in my statement?,28
I did a money transaction and the recipient doesn't see it,66
I'm unhappy with the exchange rate your cash transactions.,76
Why would you cancel my transfer?,27
I am still waiting for a transfer to show up,48
i didnt do this charge,16
I made a cash withdrawal at an ATM but it still says pending in my account.,46
"How long do transfers need to come through? I sent some money to a friend, she needs it urgently, but seems it's still not there yet after a couple hours.",66
"Hey I am standing in front of an ATM here, it only gave me 10 pounds even though I wanted to withdraw 30! Seems like the app has 30 pounds, what do I do??",75
Why am I not allowed to transfer money to my cryptocurrency exchange?,7
Do you also have this extra fee on your statement?,34
The ATM didn't give me enough money! I asked for more than it gave. What do I do?,75
"How can I get my money back on an order. I haven't gotten the item yet, so I want to cancel the order. How?",52
I didn't enjoy my tutor session and want a refund back. How do I go about doing this?,52
"My transfer is pending, why?",48
Why won't cash come out of the ATM?,26
where is my unknown payment from?,16
I want this amount reversed out of my account.,52
The funds I transferred are not in my account,5
What is this fee for transferring money?,64
Please cancel the latest ATM charge on my card as my card was declined earlier today and I did not receive that cash.,46
I would like to get both Mastercard and Visa card from you if that's possible.,73
Why was I charged a fee to transfer money?,64
I made a mistake and need to cancel a transaction,8
Is it possible to get a card when i'm not in the UK?,24
When will my top up process?,47
Please help me with my card payments which keeps getting reverted whenever i do online shopping. I am having this problem since last two weeks.,53
Why am I being charged a fee for using my card? If there is some print out of places that charge me can you please send me that?,15
Does it cost anything to buy something from another country? Like is there going to be hidden transfer fees or currency conversion fees?,64
Where did this fee come from?,34
The payment on my card shows as pending.,45
Where can I get a card in the EU?,24
I transferred money to my account but it is not showing.,5
I tried to top up. Why was it denied?,59
"I need to add more funds to my card today because it keeps being declined, and I need to use it immediately. Can you fix this or tell me alternatives?",59
the exchange rate was different than expected,76
"While getting cash, I was charged a fee.",19
Has someone accessed my card there are payments I did not make that are showing up on the app.,16
I got an cancellation error when I was topping up.,61
Please give me both a visa and a master card.,73
"Hi, I sent my landlord my rent money a few days ago and while everything seems good on my end he says that he never got the money. I double checked the account number and it's correct. Can you help me figure this out?",66
why would a merchant refuse a payment,53
You operate in which countries?,24
Why is my cash withdrawal from the ATM still not yet showing as confirmed in my account?,46
I have no idea why but my transfers keep getting declined. I have double checked all the recipient details several times already and they're definitely correct.,27
Why was the price higher when I paid with my card?,15
Do I need a photo ID to activate a my new card?,0
There are some charges that I don't recognize.  It happened days ago.  Can I get these charges back?  Should I cancel my card?,16
Im going to need to make a transfer from a UK account but I need it to go through ASAP. Is that going to be possible or will it take forever?? Im hoping it will be a couple hours and not a couple weeks.,5
Why is it saying I have a pending payment?,45
There is a repeat charge for the same item,63
Why am I being charged again?,63
"My refund has not arrived, and I am unsure why. Who do I contact?",51
What do I do when I get close to the expiration date of my card?,9
What is the reason a transfer shows as pending?,48
I want to get a Visa card,73
There is a withdrawal waiting.,46
There's a Direct Debit payment in my account that I didn't make,28
Looking at my statement I see that I was double charged for a payment I made.,63
there is a debit i dont recognize,28
How can I get my money that I didn't get from the ATM?,75
I can't seem to figure out why my transfers are getting declined.,27
"I really need money from my card today, but my card is getting declined. Please help!!",59
"I made a mistake on the last transfer I made, who must I speak with to cancel?",8
"Why won't you take my transfer, I keep getting an error message.",7
"My card is still pending, I've been waiting a while.",45
How long does it take for a new purchase to stop being considered pending?,45
I don't see a money transfer yet,48
"I am trying to make a transfer and am unsuccessful, can you please tell me why?",35
"My payment has been declined, I thought this issue was fixed!",25
Why would my payment have been returned to my account?,53
"Hae there, I have a transaction that is in progress despite the fact that the ATM was not working, what do I do to avoid being charged?",46
Tell me why my topup wouldn't go through?,59
I was charged for a cash withdrawal.,19
Hi I am trying to transfer money to another country but it is showing pending and it has been a long time.  I have checked numbers and they are correct.  Could you please help?,48
"I received my new card and tried using it today, just to have it show declined over and over again.  Why is this happening?",25
Card payment has be declined.,53
I really need to top-up my card today urgently but my card keeps getting declined!! Can you please resolve this problem or let me know if you have any alternatives,59
Top up keeps failing,59
How long does the cash withdrawal take to pend?,46
"Looks like my card payment was made two time by mistake. I went to pay at the store earlier which rejected once, second time it worked. App is on pending for one of the payments. Can you please remove one of them as it's wrong and clearly was declined?",63
Why did my top-up not get approved this time?,61
My card is very close to expiring. When can I order a new one and how do I do so?,9
"The wrong amount of cash came out of the ATM today when I went to withdraw. When I looked at the app, it was showing it was much more.",75
My top-up has failed.,59
Why was my payment reversed?,53
Why am I charged an extra fee on my card?,15
It looks like a payment I've made hasn't made it through yet.,45
My refund has not yet been credited on my statement,51
I withdrew  money from the ATM and was overcharged.  It said nothing about an extra fee.,76
Why does a payment show up twice?,63
"I made a mistake when making my last transfer, please cancel before it goes thru.",8
The person I sent money to hasn't gotten it yet!,66
"Hi, I had an issue with my card payment and It shows on my account that my payment went through. Then I got contacted from the seller saying ""they did not receive my payment"" then the payment was returned to my account. so I would like to see why it did that please.",53
The new card that was just sent to me was declined multiple times yesterday when I tried to use it at a restaurant to pay for my dinner.  I am really disappointed  and embarrassed that my card was denied when I tried to use it to pay for my friend's birthday dinner.,25
Where is the money I pushed it's on my mobile app as being withdrawn.,75
"I completed a transfer within the UK two days ago, but it is still not showing received.  I have verified the account number is correct already.  Is there anything else I need to do or is there a problem?",66
I believe my card has been compromised because of a strange withdrawal,20
"Hi, is everything in good standing with my card? I am receiving multiple ""decline"" messages.",25
"My card has been declined by two separate ATM, and I'm worried something is wrong with my account. Would you please see if my account is okay?",26
Card payment declined?,25
The top-up is broken.,47
I can't recognise this Direct Debit payment.,28
"I am not sure how this will work, but I have not received a product I ordered.  I want a refund, but should I just cancel the payment?",52
What do I do when my card expires?,9
I topped up but the app reverted it,61
"I've obtained the card, how do I enable it on the app?",13
I couldn't transfer to an account.,7
I tried to make a transfer but it failed. will you tell me why?,35
Why is there an uknown charge showing on my account?,16
"I would like to track a card sent to me, how do I do that?",11
Why am I being charged to make cash withdrawals? I thought they were supposed to be free!,19
This fee shouldn't be there after I paid with a card.,15
I've been checking my statement to see if I've received a refund I requested from a seller a while ago has arrived. But it has not. This should have come back to me already. Can you help me figure out why it's not here and get my money back?,51
There was a charge applied when I used my card.,15
I'm still waiting on my card to be delivered.,11
I made a transaction this morning but I need to revert it now.,8
Did a card payment that I made get cancelled?,53
I was charged for something I didn't expect,64
Why is there a fee added to my statement?,34
I tried to charge my card but it was declined. A couple days ago I was able to charge it and it was accepted. Is something wrong? Will you double check for me please?,59
Can you please show me where I can find the location to link my card?,13
"So my top-up failed, could you tell me why?",59
I do not know why I was charged for the $1 transaction.,34
I have been overcharged.,63
I want to change the wrong exchange rate.,17
Why hasn't my cash arrived from a deposited check?,6
Why am I being charged for getting cash?,19
What's the process to receive a second card?,39
"When I submit a transfer, it is being declined.  The information I put in has been reviewed.",27
My transfer was not approved,27
I have a friend who needs money as soon as possibly. If I were to transfer it how long will it take to get to her?,66
Is the cash withdrawal going to show?,46
"Sort your top up out please! It's been pending since an hour already, can you please make this go through asap I really need the money",47
Why was I charged more than I should have been?,34
Can I put my old card back in the app?,13
Why am I being charged a hidden fee?,15
Why am I seeing a fee for transferring money?,64
How can I speed up a transfer?  Mine is pending.,48
"I would like to give another card to my daughter, how can I proceed?",39
My transfer is pending.,5
Should my top up still be pending?,47
I need help activating my new card.,0
I checked the app and there is a payment that I don't recognize.,16
Can you tell me when the transfer will be completed?,48
I noticed my exchange rate was incorrect when I got cash.,76
Is it possible to get a refund for the item?,52
Could you please activate my card,0
The exchange rate that was applied for an international purchase was wrong.,17
"Hi I'm a new customer and tried topping up for the first time today, seems it's not working, the thing shows up as pending since half an hour already! Please fix it!",47
I placed a cheque but the funds aren't there,6
What major card payments are accepted?,73
I made a payment that's pending. Will it go through?,45
"I went to withdraw some cash earlier today, but seems the ATM gave me the wrong amount of cash! The amount showing up in the app is a lot more",75
How do I get a refund for something I bought?,52
"I tried to get money out of the Notting Hill ATM earlier, but I wasn't able to get it to work. Is my card with issue? It's the first time I tried using it.",26
I got a new card and can't find where to link it.,13
This debit is not my transcation. How do I get my money out back?,28
An extra fee has been added to my card payment is this correct?,15
"I found the card that I thought I lost, and I would like to reactivate it.",13
Where do I go to get my new card linked?,13
How much is it to send out additional cards?,39
I checked the app and my balance has not been updated for the cash or cheque deposit.,6
How long does it take for money to transfer?  I sent some to a friend and it hasn't gone through yet.,66
Can i get money in my home currency at my ATM ?I am on holiday and bit concerned because i do not have any cash with me .Is it possible to withdraw without any additional cost.,76
How do i request more physical cards?,39
My card payment has had the status of pending forever. What is the issue? It should have gone through at some point.,45
"I think my transfer was declined, but why?",27
What's taking so long for this payment to go through?,45
"How long should a transfer normally take to process completely? I have a friend that needs it right away, but it's already been 2 hours and she hasn't received it.",66
My card did not work at store.,25
I need to cancel a transfer I made.,8
Can I reactivate a card I thought I lost?,13
I was charged a hidden fee when I paid with card.,15
Why did using an ATM cause me to be charged an additional fee?,19
"In the app, how can I make it show the new card that arrived?",13
What should I do about a direct debit that I did not set up?,28
How do I activate my card that just arrived?,0
I made a transfer and they haven't received the money I sent them.,66
Where is my missing cheque I deposited?,6
I have a fee for cash withdrawal,19
I want to cancel a transfer I just made.,8
there is money in my account that i didnt put there,20
what is this fee for transfering,64
I could not get the ATM to work,26
I tried to buy something online yesterday but it kept saying declined. Tried another time today but same thing happened. What's Broken?,27
How long does transfers take?,5
I need to renew a card that's about to expire,9
How long should a cheque deposit take to show? My account hasn't updated and I want to make sure everything is okay.,6
Why isn't my refund shown on my statement?,51
My preference is Mastercard.,73
"I've been waiting since Friday, where is my money?",66
Why am I being charged for withdrawing cash but haven't in the past?,19
"I see I was charged extra when I used the card.  I am not sure why, please tell me why.",15
Why did a transaction I made charge me $1?,34
Can you please tell me why I cant get money from the ATM?,26
Did I not get my refund? I don't see it.,51
What is the process for activating my card?,0
Can I have a second card?,39
Do you let me choose between Visa and Mastercard?,73
What does it mean by pending payment?,45
Why did I get charged one pound seemingly randomly?,34
The refund on my account hasn't shown up,51
My top up is giving me problems. What is wrong with it?,59
the balance on my account didnt change when i transferred money,5
I didn't make a payment at this business.,16
how does my statement get updated so i know when a refund will reflect on my balance,51
My card wasn't working in a shop,25
"I am at the ATM and tried to withdraw 30 pounds and it only gave me 10 pounds, what do I do?",75
I need to find the card I received in the app.,13
has my top-up has been cancelled,61
What should I do?  I topped off but the app reversed  it.,61
Trouble with my top up,59
Are your cards available in Europe?,24
I transfered my balance a while back.  Why doesn't my account reflect this?,5
Why did I get less money than I asked for?,75
I made a transaction and it is taking a very long time to go through.,66
What is the reason for the fee charge on my transfer?,64
Is there an issue with my account?  I don't see a cheque deposit that I made yesterday.  Please assist.,6
Somebody is taking money out of my account without my approval in another town separate from me. Please place a freeze on my account until I can make it to the bank.,20
Can you tell me why you won't let me get my own money out of the money machine? I know I used the right PIN.,26
How do I track my card?,11
"My card's expiring a month from now, should I place an order for the new card?",9
I am awaiting my refund,51
The see the rate applied to my transaction was wrong at the atm.,76
I would like to cancel a transfer...is this possible?,8
"My recent transfer needs to be cancelled immediately; it was a mistake, please can you cancel it before it goes through?",8
Why did I only receive a partial amount of what I tried to withdraw?,75
Why am I being charged the wrong currency exchange when I purchased something abroad?,17
Why is my cash deposit not in my account?,6
How long does a payment show as pending before i should worry about it?,45
They charged me for paying with my card.,15
"Hi, It's urgent, please freeze my card. As someone has withdrawn money using my card in odd remote town. Since i have not done this withdrawal. Do it fast.",20
Can I have a spare card for this account please?,39
i need a refund right away but the funds aren't available in my account,51
Can I get support?,24
My money transfer has not happened yet,48
I don't want the transaction to go through now,8
What do I do if I find a debit charge that I know I didn't do in my billing statement?,28
Why am I charged a fee for getting cash?,19
Where did this 1 euro fee come from?,34
My card payment didn't work,25
Is there a problem with your system being down or something? I have already tried 5 times to issue a standard transfer but I'm getting nowhere.,35
"Hi, I'm in progress of purchasing a flat and am trying to make to make a payment.  An error is appearing, and I need assistance.",35
I requested a refund from Next because the dress I purchased had three arm holes. They said they sent the refund last Wednesday which is nearly a week ago and I still don't have it.  Why not?,51
I'm due a refund and it is not on my statement.,51
The rate applied to my purchase in a foreign currency was wrong.,17
What is the meaning of a pending payment?,45
I would like to reactivate my card that I previously reported lost. I located the card this morning.,13
Says my transfer can't be completed?,35
I was charged for using my card?,15
I would appreciate that someone let me know when there is an extra charge for payments. I was checking the app earlier and saying a charge on one of my payments that was additional that no one made me aware of before.,15
The exchange rate was incorrect for an item I bought.,17
I think there has been a purchase made that wasn't by me.,16
How come I have pending transfers?,48
Why does my statement have an extra fee?,34
I was refunded the money for something I bought already.,53
my friend has not got the money I sent last week.,66
I noticed my transfer was declined.,27
My card was charged more than expected.,15
Is it possible to get a card if I'm not in the UK?,24
I have a transfer that is pending.,48
I think there has been a mistake with my transfer,27
How do I link a card that I already have?,13
Why didn't the ATM give me all my money,75
My top up is not working,59
Is there any way to cancel a transfer?,8
Why can I not get cash from the ATM?,26
How do I make my top up complete?,47
Is it possible to tell if my top up has reverted?,61
I topped up and now my money is not there anymore! What happened to it?,61
What is this witdrawal,20
How long does a card delivery take?,11
"How do I activate my card, so that I can start using it?",0
Why did my card get charged twice for a transaction?,63
Can someone explain why I'm getting a message on my screen saying my transfer isn't possible? I've done several in the past and haven't had a single problem until now. What's going on?,7
How is my card payment still pending?,45
I was charged a fee when buying stuff with my card.,15
I set up a payment to a new payee and sent some money but the person I'm sending it to has not received it.  Can you check where the money is?,66
"Can I check somewhere if there will be a fee on my payment or not? Seems you are charging in some cases, what's the pattern there?",15
"My card is about to expire, what do I do?",9
I had the wrong exchange rate applied to some cash I got abroad.,76
Why hasn't my cash been deposited yet?,6
"My cash withdrawal shows pending, why?",46
Did my refund go through? It's not on my statement.,51
"My money is gone :( I had topped up recently and saw it was there and went through, but now it's disappeared, what's going on?",61
How long does it take for a pending cash withdrawal?,46
Why can't a beneficiary receive a money transfer from me?,7
Please tell me if I'm going to be charged for sending out more cards?,39
I have a charge for something I didn't buy.,16
Could you tell me why my cash withdrawal was declined?,26
Why are there additional fees for transfers?,64
A transaction to a friend still hasn't shown up.,66
Why are fees charged for cash withdrawals? I went to withdraw some money earlier today after shopping. There's a new fee that there.,19
When will the money from my bank transfer be available?,5
How can I link the new card?,13
"Soon my card will expire, how do I get a new one?",9
I've tried completing a very standard transfer and have already attempted it 5 times. What's going on here? Is there a problem with your system?,35
"So I've been using my account frequently to manage payments for my vacation house in a different country, and now I'm getting hit with ridiculously high fees! What's with that? Ought not I be rewarded as a frequent user?",64
I am inquiring about a $1 charge on my statement.,34
"I think someone might have a copy of my card because a 500 dollar withdrawal was made, and it wasn't me. Can you please help?",20
Are transfers not free? I didn't know I would be charged for transfers.,64
I have been charged for one thing two times.,63
I couldn't make a transfer to a beneficiary!,7
i think someone is using my card to withdraw money. Someone stole my wallet. What can I do? it is urgent.,20
can i use both visa and mastercard,73
How long will my transaction take?,66
Why hasn't a transaction I did to my friend arrived yet?,66
I just had a look at my statement. Why have I been changed for using the ATM?,19
I have a payment that has not gone through yet,45
Why is my beneficiary not allowed?,7
I transferred some money to my mom 2 days ago and she has not received it. I double checked the information and it looks right. Can you help me?,66
I made a purchase a few weeks ago but wasn't happy with it so recently requested a refund from the supplier.  Can you check where the money is?,51
"There is an extra charge on my account I didn't authorise, it's just £1, what is it?",34
Where can I get a second card?,39
"My card payment has been declined, why?",25
There was an extra charge when I used my card,15
"I'm having a problem with a money transfer.  I sent some money to a friend a couple of hours ago, and they haven't received it yet.  Why hasn't it gotten to them? How long do transfers need to go through?",66
"I need your help to get a refund for an item I just bought, can you cancel the payment since what I bought hasn't arrived yet.",52
Card activation steps,0
Whats the reason for my payment being declined? It looked like everything went through ok and my account was good.,25
I don't know what this Direct Debit payment is.,28
"I know there's money in my account, why did my account decline me?",25
"My card's expiration is approaching, how do I replace it.",9
Do you charge for making a withdrawal? I took some money out of my account earlier and I was charged for this.,19
The amount of cash I received was incorrect,75
I have a card payment that has been pending for some time and would like to know when it is going to go through.,45
I've been charged an extra £1 and I don't know why,34
"I only made one transaction at this place, but it's appearing multiple times.",63
I need assistance to activate the card on my account.,0
While on vacation I used an ATM to get cash and was overcharged. These charges are ridiculous and had I known about them I would have never used it.,76
"When I bought something abroad, the exchange rate was wrong.",17
There are duplicate transactions on my account,63
I  see an extra 1£ charge on my app. Why did It charge me extra?,34
There is a missing transfer on my account,5
How do I activate my new card I just got?,0
Let me know when you charge extra for payments please. I just checked the app earlier when I saw that there was an additional fee on one of the payments that I wasn't warned about before.,15
2 weeks ago I ordered my new card.  It isn't here.  What should I do?,11
"Hi, I want to inquire about my balance. Some cash was deposited and it hasn't updated yet.",6
When will the transfer go through?,48
"Help! I think someone has a copy of my card - I still have my card, but a five hundred pound cash withdrawal that I didn't authorize is shown on my account.",20
How do I know which payments I make will have additional fees? Where can I find this information online?,15
"When I made a purchase last Saturday, I was charged extra. Did I receive the right exchange rate?",17
How do I activate and link my new card?,13
The exchange rate I was charged for a purchase was not right.,17
Just received a message that my transfer is not possible??  What is going on.  I have done this before with no issues.,7
is it possible to get a refund for something I purchased?,52
I did not charge my account for that transaction.  That's an error.,16
Is there any way I can get more physical cards to use with my account?,39
I haven't received the money from the check I deposited.,6
"Hi, I am new to this. Are there any additional fees or charges that I should be aware of? I was looking through the app and I thought I saw something in regards to fee-free allowances.",15
Is there a fee for paying by card?,15
"There was a transaction from two weeks ago from a business that I don't know. I'm fairly certain it wasn't me who made it, but is it an option to trace it to confirm?",28
I can't see all the refunds in my statement,51
Could you please help me figure out why the seller has not received their money after I sent it.,48
"Please check my Card. As Withdrawal was working fine so far, but this morning suddenly got declined. Can you please check the problem?",26
Why did my top-up not go through?,61
why is there a fee for a payment on my card?,15
Why is there an extra €1 fee in my statement?,34
what are the reasons why you would not be able to process a payment,7
I sent a payment to the wrong account number - can that transaction be reversed? I am worried about accidentally giving my money away.,8
i dont recognize a charge on my card,16
Is there a way to track my card?,11
Why did you charge me more for my purchase? It was a foreign currency and you didn't offer market rate,17
Why did my transfer not go through?,35
I see that I have been charged multiple times for the same transaction.,63
My account is  new  why can I  not top up,47
I would like a refund on the extra pound I was charged.,34
I made a transfer but my balance hasn't been updated,5
Is there a way you can have money from a purchase I made refunded to my account.,52
"I'm pretty frustrated about a pound charge that keeps  showing up in my account statement. It's listed in the app as ""pending"", it never changes, and now I'm thinking someone's hacked my account!",34
I would prefer a visa card,73
Why isn't the transfer to my account showing up?,5
Why do you charge fees on card payments?,15
I was charged twice for the same purchase!,63
I have a missing refund,51
Why don't I have my transfer?,5
Why am I not allowed to add a certain beneficiary?,7
There is an unauthorized cash withdrawal from my account for 500£.  I definitely didn't make this withdrawal.  I need your help.,20
I do not recognize a direct debit payment that I see on my app,28
Why will my transfer not go through?!  Keep getting an error message.,7
"Please double check my card - withdrawal was working fine so far, but this morning on the way to work it suddenly got declined!",26
Anytime I've made an ATM withdrawal before it has always been free. I now say that I have been charged for my most recent ATM withdrawal. What's going on here?,19
The money would not transfer to a beneficiary.,7
"I needed some cash while abroad, and I'm pretty sure the wrong exchange rate was applied.",76
My beneficiary is unable to transact,7
I made a cash deposit a few days ago and it's still not reflected in my account. Do you know what might have happened?,6
Why didn't my transfer get to the recipient?,66
I might need a new card because it's not working at any of the ATMs. I don't think ive used all my money. Why is it doing this?,26
withdrawal pending meaning?,46
"I have received my statement but I do not see my refund, why is that?",51
I did not get the right exchange rate while getting my cash out.,76
"Hi, I made a transfer yesterday that I need to reverse.  I need to put the money in a different account.",8
"Please help me, there is a transaction in the incorrect account.",8
"My transfer is quite urgent, and finally worked out, but I've been waiting for it for quite some time. Can you tell me how long to expect to wait for it?",48
I messed up a transfer and need to reverse it.,8
"I requested a refund from a merchant several days ago, but don't see anything showing up in my account yet.  Can you check on your end to see if the money has reached you guys?",51
"I thought transfers were free, why was I charged a fee?",64
What went wrong when I tried to do my transfer?,35
When will my payment go through?,45
how long should i wait ti activate my card,0
"After I attempted a transfer, it failed.",35
Can you please reactivate my card?,13
Why am I unable to take money from my card but the statement says the transaction is still pending?,46
"I have made a withdraw from an ATM this last holiday, why is there such a high charge from this transaction?",76
"I've just moved address from a place in Durham to a place in Walton-On-The-Naze.  I have a new landlord at my new house and they haven't got my payment but I know I sent it on time, can you check they got it please?",66
My card is about to expired what will happen?,9
I know I have enough funds in my account but my card payment hasn't worked for some reason. What do I do?,25
How long does it take to show a deposit I made to my balance?,6
The exchange rate for the money I took out in a foreign country is wrong.,76
Is it possible to reactivate the card I thought I lost but found this morning in my jacket?,13
Why did I have to pay extra because I paid with card?,15
Can you freeze my account?  I just saw there are transactions on my account that I don't recognize.  How can I fix this?,16
Would like to use my card and need to activate it first.  Can you help me do this?,0
Why did you charge me for taking out cash?,19
Explain why I can't do a transfer to an account.,7
Why won't you accept my payment? I keep trying with this card and it's not working.,25
My card has been found. Is there any way for me to put it back into the app?,13
"My cash withdrawal says pending, why?",46
Would it be possible for me to get a second card?,39
I need to be made aware when I am being charged an extra amount for payments please. I looked over the app earlier and noticed an additional feel related to one of the payments. I was not warned about this before.,15
I ordered online weeks ago and I never received my package in the mail and I don't want to wait any more. So if I could get my money back now that would be great.,52
"new customer and filling gas for the first time today, not working,",47
"My account got charged for taking out cash, why did this happen?",19
"I have done a transfer within the country a couple days ago, but it's still not there yet. Can you please check what's going on with that, the account number definitely is the right one, I've checked that several times already.",66
I want a backup second card. Is this possible?,39
Why is my transfer more expensive than I thought?,64
I found the exchange rate for my cash withdrawal is wrong,76
There was a fee charged when I paid with my card.,15
How do I add a new card?,13
How long will it take for my cash withdrawal to no longer show as pending?,46
My transfer says pending. What does that mean?,48
Why wasn't my top-up accepted and where did that money go? At first it said it was confirmed but now I can't find it.,61
"Is my card working? It's the first time I tried using it I tried to get money out of an ATM, but got nothing.",26
What is the procedure for me to get more cards on my account?,39
Where's accounting for my cash withdrawal?,46
"Money was taken out without my consent,",20
I want to cancel a transaction.,8
Why is there a charge for my transfer?,64
"Ive been trying to use my card for two weeks now to purchase somethings online but nothing is going through. It keeps returning my payment to my account. There shouldn't be anything wrong with my account, is it the card?",53
It's been a week since I ordered my card and it's not here. Please help?,11
I need to know what is going on. I'm attempting to purchase a flat and need the money to pay on my initial mortgage payment. I'm only getting an error. Can you find out what's going on and help in making the transfer?,35
Why was my top up reverted?,61
What reasons could cause my top up to be reverted,61
They charged me wrong for a currency exchange on a purchase.,17
"This morning I wanted to make a withdrawal before work, but my card was declined! Please double check it for me as this is the first time it was declined.",26
Yikes!  I didn't get the amount of money that I requested.  What do I do now?,75
I transferred some cash and it has not arrived yet.,66
Is there a fee for exchanging cash?,76
I need my purchase cancelled.,52
Has my top-up gone through?,61
What needs to be done to activate and use a card?,0
Why is the exchange rate terrible?  That can't be close to the actual interbank rate.,17
A fee that shouldn't be there is there after using my card!,15
I am still waiting for a transaction to be completed,66
I got a declining message during a transfer? please tell me why,27
I ordered a card and I still haven't received it. It's been two weeks. What can I do?,11
"I deposited cash into my account a week ago and it is still not available, please tell me why? I need the cash back now.",6
i need help. I updated my balance with a check yesterday and Im not seeing it. Can you look at my account to see what went wrong?,6
"If my card is about to expire, do I need to order a new one?",9
I am very upset that i went to use my new card today and it kept getting declined. Why is this happening and what do I do to not have it declined?,25
Why have I been charged for pulling cash out of my own account?,19
"My card payment didn't work, can you help?",25
Give me a refund now!! I am still waiting.,51
Will I be charged if I add more cards to the account?,39
I transferred some money but the receiver can't pick it up for some reason.,66
Is my top up not working?,47
When I got cash I believe that the exchange rate was wrong,76
I have a service fee that I've never seen before. It showed up after I bought something from an international seller online.,64
The seller of the items I bought online the other day hasn't received the EU transfer yet. How long do these usually take?,48
Can I exchange an item for a refund?,52
"Hello-Can you please help me get a refund from this merchant?  I ordered a product and would like to return it. I have been unsuccessful in getting the merchant to return my request for the past several days.  I understand it can take up to 45 days to process the dispute and issue a refund, however, if this can be expedited faster it would be very helpful to me.",52
Is this card available to Americans?,24
There is a single payment on my card which shows as pending.,45
Can you explain why there is a payment showing twice?,63
Will a beneficiary not accept a transfer?,7
"Hello.  I ran into a problem with a transfer this morning.  I was trying to send money to some friends but when I tried to send it, the transfer failed.  I don't know what is causing the transfer to be rejected.  Please let me know what is causing the problem.  Thanks.",35
The ATM keeps declining my Transaction . I tried two different ATMs already can you please check if everything is okay with my account?,26
What is the procedure for activating this card?,0
Why would my top up be cancelled?,61
There was a strange transaction made on my account a couple weeks ago by a seller I don't recognize. May you please check on this transaction for me.,28
"I already have one of your cards, how do I link them?",13
Why did I get a fee for getting cash?,19
I transferred some money a couple days ago but haven't received it yet. How long should I expect to wait?,5
The exchange rate seems off on this transaction,17
"I sent you a cheque couple days ago, nothing happened to my account yet! This is unacceptable, where is my money??",6
"How can I request cash back? The ATM just gave me the wrong amount, the app shows the amount that I've been actually charged though...",75
Is my transfer pending?,48
When will the transaction post to my account?,48
Why do my transfers keep failing?,35
The cash withdrawal exchange rate is not correct.,76
How do I receive more physical cards,39
"I deposited a cheque, but the balance hasn't changed yet.",6
"Why am I being charged for ATM cash withdrawals? The only reason I use it is because it's been free! Now you expect me to pay for them, and how much is that going to cost me?",19
"my card was refused, why?",25
I'm trying to transfer money to another country. It's just pending and not sending. My account details are correct. Please help me.,48
When did you send me my new card?,11
What would make a decline message show up during a transfer?,27
Help! My card isn't working at the ATM and I know I used the right PIN. Trying to get my money.,26
Why can I not do a  transfer,7
My card payment has been on pending forever. What is the problem? It should have gone through at some time by now.,45
Explain top-up cancellation,61
What do I do if I've been charged twice for the same transaction?,63
Why was there an extra charge when I transferred money?,64
The app rejected my top up,59
I'm not familiar with a card payment.,16
"I have been charged to much for the object I bought when abroad, the exchange rate seems to be wrong.",17
Why was my exchange rate a different amount than usual?,17
Some cash was missing at ATM.,75
Double check your funds may be declined,27
I couldn't do a transfer to an account,7
For what reason did my top-up get cancelled?,61
Do I have a Visa card as an option?,73
I need assistance activating my card?,0
"I just pulled money out of the ATM and was charged a fee, WHy?",19
After trying to update my account balance yesterday by cheque it doesn't seem to working. Shouldn't the process be quicker? I need my account looked at because there appears to be a problem.,6
I did not ask for the amount of cash that I received.,75
I tried to transfer money and it did not work.,35
"Could you refund my transaction, I paid it into the wrong account. I need to be able to pay it into the right account by tomorrow.",8
I want to start using my card.,0
My card activation attempt failed.,0
I'm wanting to get a Visa card today.,73
"I was double charged, and the second charge is showing as ""pending"". How long will it be before I get my money back once the second charge has been refunded?",45
What countries are you currently in?,24
I need to find out where the card is that I ordered.,11
After depositing a cheque my balance did not change.,6
I can't seem to make a standard bank transfer. I have tried at least five times already but none of them are going through. Please tell me what is wrong?,35
How can I cancel a transfer?,8
why has a cash withdrawal charged me?,19
I did a payment but it was reverted by the app,53
I couldn't pay with card in a shop,25
"It seems I've suddenly been charged for my recent ATM cash withdrawal. What's up with that? I though withdrawals are free, you never charged me so far!",19
"There was money taken out of my account, and I'm pretty sure I didn't do it.",20
Is there a problem with the top up system? My transaction hasn't gone through properly,47
I think my card payment has been reverted,53
There was a limited amount of money available at the time of my transaction.,75
The app reverted my top up,61
why isnt top up working,59
The exchange rate on my payment doesn't look right,17
I am not in the UK can i get a card?,24
Please explain why my card was declined?,25
I received the wrong amount of cash back,75
There is a €1 extra fee in my statement,34
I believe that the rate of exchange for my cash withdrawl is incorrect.,76
When are you going to activate my card?,0
My payment for my card is not working,25
I got a fee for an ATM withdrawal.,19
Is my country supported,24
It's been a few days since I've tried to pay a seller but the funds aren't going through. What is happening?,45
Please help me with my card.  It won't activate.,0
Are the funds I requested from a merchant a few days ago in my account? I do not see them.,51
"When I withdrew money from my account the other day, I noticed that there was a fee.  I didn't think that there were any fees for withdrawals...?  How much will I be charged?",19
What are the reasons for my beneficiary not being allowed?,7
Why didn't my top up work?,61
What do I do when my card is about to expire?,9
I tried to make a cash withdrawal and it was declined. Why did this happen?,26
"Someone has copied my card. I have my card with me, but someone just made a 500£ cash withdrawal. Please help now.",20
I want to revert a transaction I did this morning,8
How can I find out why my transfer didn't go through?,35
Why is the exchange rate for my payment incorrect?,17
I have a payment that I didn't make.,16
How do I dispute a debit that I didn't make?,28
Are cards issued to people living in the US?,24
What happens if the ATM doesn't give the right amount of money?,75
Help!  The app has an ATM withdrawl that I didn't make.,20
Can I have a refund?,52
Can you tell me how to link one of your cards that I already have?,13
I received an extra charge for using the card. Why?,15
Activate my card,0
Hello I changed my mind and want a refund on one of things I bought recently. Can you please cancel the transaction and get me my money back. Please it's urgent.,52
The day before yesterday I transferred funds to another account within the country.  The funds have not yet arrived.  I double and triple checked the account number and it was correct.  Why hasn't the transfer been completed yet?,66
How can I start using my card?,0
My top up doesn't work,59
Why did I get charged a fee when I tried to obtain cash?,19
When going to the ATM to take out some cash today my withdrawal was  declined.  I need to fix this problem as soon as possible. whats going on?,26
There is a direct debit that's not mine.,28
I tried activating my card and it doesn't work how do I solve this problem?,0
Would I be able to refund an item?,52
Can you explain the transfer fee to me?,64
I found a charge on my debit that I did not make.,28
Why do you keep declining my payment?I tried several times already with this card and it is just not working.,25
Why can't I get cash from the ATM?,26
It seems like my card payment didn't work.,25
I bought something overseas and the wrong exchange rate is on my statement.,17
"Hello there, I tried using crypto top up today but it's not working for me, might it be due to the kind of bank I'm using or the country that I'm from?Money is also missing from my account",61
I did not set up a direct debit I have,28
I need some help figuring out what this strange payment is on my account. It's stays pending and won't go away.,34
I just made an order and noticed an extra fee. Why have you charged me this without informing me?,15
Why wouldn't the ATM give me my money?,26
I was charged too many times for one transaction.,63
I paid with card and was charged a fee that shouldn't be there!,15
Am I permitted to have a spare card?,39
I have a direct debit charge that I do not recognize,28
Why am I getting double charged for multiple transactions?,63
What does it mean when a payment is pending?,45
My card payment says pending and it hasn't changed,45
When will my cheque process?,6
Why is there extra cash in my account?,20
"I've use my accounts all the time to manage my payments for my place abroad that I just got. I now see that I suddenly have new fees.I'm a frequent customer, so why are you charging me new fees instead of rewarding me?",64
If my card is about to expire how long would it take to receive a new one and how much would that cost me?,9
Does transferring money have a fee?,64
I got charged for with a fee for paying with my card.,15
The amount of money I pushed at the atm machine did not come out of the machine.,75
Is my card actually working? It's the first time I tried using it,26
who charged my card,64
What can I do about a direct debit transaction on my card that I didn't make?,28
Is it possible to dispute a debit payment from a couple of months ago.,28
I didn't know I was going to get charged to use my card.,15
How do I activate a new card?,0
"Hi there, earlier today I tried to take money out of an ATM machine, and something wasn't working.  I didn't actually receive the money, but I just checked and it says that the transaction is still pending.  Can you tell me what's going on here? Am I still being charged for the withdrawal even though I didn't end up getting any money?",46
When do i get charged a fee for using the card?,15
Why haven't I received a refund yet?,51
Could you send me and up date on the arrival of my card?,11
How much does it cost to get more cards?,39
"I'm having an issue with transaction. I topped up my account and saw it went through, but that was a few days ago and the money isn't in my account any more. What's up with that?",61
Why am I being charged for ATM fees?,19
Help me cancel my transaction,8
Why would a card payment be declined?,25
Please help me get a refund?,52
Why did I only get $20 now the full amount I wanted?,75
"I Withdrew cash from an ATM earlier but it shows up as pending in the app. How can this still be pending, I received the cash already?",46
what is this extra charge for a withdrawal?,19
I want to cancel my purchase,52
how come i was declined,26
How long do cheques take to post to your account?,6
There are a couple payments with my card displayed in the app which I didn't make. What is happening? Maybe someone has access to my card.,16
What is the average pending time for a transaction?,48
My funding to my card didn't go through.,59
The card payment is declined.  Please inform me why.,25
I'm trying to take money from my account but its not letting me. Help!,26
What reasons would cause my card payment to be cancelled?,53
What happened to the cash that I tried to deposit into my account? It's gone!,6
Tell me why there is an extra charge when I used an ATM?,19
What is preventing me from adding a specific beneficiary?,7
I need to stop a transaction that I made.,8
"I'm not sure why my payment has been declined? Please tell me why, I thought it was all good.",25
There was a canceled payment for my card.,53
Why haven't I gotten my new card?,11
Why hasn't my friend received the money i sent them yet?,66
"Someone stole my account, there's a withdrawal but it wasn't me, can we put a stop to it please?",20
I was just contacted by a seller that let me know they didn't get my money even though I'm very sure it was removed from my account. Now it's back in my account. Get this resolved quickly.,53
I just bought an item and would like to stop payment can you tell me if the item has been sent yet?,52
Is there a way to make my old card usable with the app?,13
Why is there more then one charge on my card I only paid for one not twice how can I fix this?,63
My new landlord says he hasn't received the rent payment that I transferred a couple days ago. I've already checked the account numbers and they are correct. Can you tell me what's going on with this transaction that the transfer isn't showing up on my landlord's end?,66
Last week I put a cash deposit into my account and it is still isn't there.,6
I was using a foreign currecy to make a payment and the applied the wrong rate.,17
"Is there a local ATM that will provide British pounds, I have no money for my homeward journey and do not feel comfortable waiting until  I arrive in Britain. Will a withdrawal involve extra charges?",76
Are cheques accepted to my account? Mine didn't seem to work.,6
"How long does the ""pending"" period of a transfer take?",48
A transfer to my account was denied.,7
Why is the cash withdrawal under pending?,46
My beneficiary is not allowed?  Why?,7
How can I cancel my transfer?,8
There is a direct debit I do not recognise in my statement,28
"I just moved overseas and I noticed that you are charging me more fees.  I am a loyal customer, is this how you expect to keep customers?",64
I found my lost card in my jacket pocket this morning so I'd like to reactivate it please.,13
I made a cash withdrawal but the pending status is taking forever.,46
I think my card payment was reverted,53
Please help me to know the status of my card payment as its pending since a while.,45
How long does it take for a payment to change from pending?,45
The exchange rate for my payment last Saturday must be wrong because I was charged extra.,17
I'm waiting for my transaction to complete.,66
How can I find a way to transfer money without it being rejected?,27
I think youre system may be broken because I have tried transfer money 5x and it isnt working!  I'm not doing anything complicated it is what I usually do.,35
Is there a way I can get my card expedited?,11
There's a $200 withdrawal on my statement that seems fishy to me.,20
I need more physical cards.,39
"I don't want the item, I bought it on accident, can I get a refund?",52
"I'm hoping you can answer my question about a pending transfer that I've had for a while now.  I know that all of the account details are correct, so why is it taking so long to go through?",48
"I traded some of my money from my native country into an ATM to exchange for foreign currency, and the money I received was a different equating amount!",76
My purchases from this morning still have pending payments.,45
What on earth is up with the exchange rate! This should have been a much higher amount of cash,76
The exchange rate for my withdrawal isn't correct and doesn't match the actual exchange rate.,76
The ATM I used for foreign currency provided the wrong exchange rate.,76
I tried to make a payment with my card and it was declined. Why is it pending?,45
How long does it take for money to transfer as my balance hasn't been updated,5
I've changed my mind on an item.  How do I get a refund?,52
I'm trying to purchase a flat but i need my first payment for my mortgage to go through first. I keep getting an error. I'm not sure what is going on but i need help making this transfer.,35
I didn't realize that there were any fees for withdrawing money from my account--this has never happened to me before.  What exactly are the fees?,19
When did you start charging to make a withdrawal? How much is it now? I always thought it was free.,19
I just made a transfer from a UK account. How long does that typically take to show up? I just want to make sure it worked alright.,5
What is the length of a transaction completion?,66
I got less money than I asked for.,75
Is there an issue with my card payment as it has not gone through.,25
Will declined funds I tried to withdraw be returned to me?,75
I want my card frozen right away. Money was taken out in an odd location I have never heard of.,20
I noticed that i got charged extra for using the card.,15
Why does the app revert a payment?,53
Do you support the EU?,24
I did not get enough cash,75
When will my balance update after a transfer?,5
Can I call to get my card activated?,0
Can I get a Visa card?,73
"Why did I get charged a fee, I thought it was free?",19
Has my top up gone through?,47
Why was I charged $1 in a transaction?,34
I want a new card,39
I shouldn't be charged any fee for transferring .,64
A receiver made me aware that they did not receive the full transfer that I made. The amount was showing to be a bit less. I now have to make a second transfer just to make up the difference. Can you reach out and let me know what's going on?,64
"If I need an additional card, is there a fee for that?",39
How can I check how much free spending I have left? I have some big purchases coming up and want to know where I can look for any info.,15
"What do I do with my ""decline"" message on a transfer?",27
Why is their a charge pending on my card still?,45
"The past few times I've been to the ATM, I was charged a withdrawal fee. Have your policies changed regarding fees?",19
"Hi, i don't know what's going on i've just paid for my top up twice by accident can you help me get a refund please.",61
How can my new card be renewed?,0
What countries will my card be supported in?,24
What locations are you in?,24
Are bank transfers immediate?,5
Is there any reason my cash withdrawal still shows as pending?,46
I don't think I made this charge on my debit statement.,28
I see a direct debit that isn't mine? How can I get my money back?,28
Why was my payment cancelled?,53
I transferred some cash and it didn't arrive,66
Why would I get a decline message in a transfer?,27
"I topped up by card a while ago and it's still pending, surely it should be done by now?",47
Why hasn't my friend's transaction arrive yet?,66
Why has my top-up failed?,59
How do I re-add a card to the app?,13
My cheque is taking a while,6
My friend still hasn't gotten a transaction I made.,66
How can I get another card?,39
Why is there a direct debit payment on my statement that I didn't do?,28
How do I sign up for a card if I'm in America?,24
Can you help me? I have a duplicate transaction on my account and I don't understand why.,63
"I was out today looking forward to paying with my new card, but the payment just kept getting declined. This is really sad, what's going on?",25
My cash deposit isn't in my account. What happened?,6
why hasn't my top up gone through yet,47
Would I have to pay anything if I need an additional card?,39
I have been charged twice for the same thing!,63
I'm still waiting for a money transfer to show.,48
"It looks like someone else withdrew cash from my account, can you help?",20
"I was trying to use my card and it was declined, when I tried to find out what happened I found cash withdraw for $500 that I didn't do.  Can you please help figure this out?",20
How long does it take for a transfer to post,5
I had made a transfer but its still pending.,48
I have my card here with me and someone has just made a withdrawal for 500. Please help!,20
There is a duplicate payment on my card. Why?,63
There is a strange card payment I don't recognise.,16
Can you help me transfer money into my friend's bank account? I tried to do it but it keeps rejecting me. I need to get the money in there asap. I have enough and all the account info is correct.,35
Will there be additional costs of I make a withdrawal from a local ATM of British pounds? I need some cash to feel comfortable on the journey home,76
"I saw on the app that a cash withdrawal was completed on my account; however, I did not complete it.",20
i withdrew cash and dont see it reflected on the balance,46
Why am I charged to get money from the ATM?,19
i withdraw cash from the ATM and was charged a fee,19
"Do you not accept crypto transfers from certain places? Because when I tried to do a top up the money just disappeared. Im not sure what to do or what I'm doing wrong, please help.",61
Please could you give me a refund,52
Why is there a fee when I thought there would be no fees?,15
why did my account decline a incoming transfer,7
How do I get a refund for an unauthorized direct debit payment?,28
Why is my transfer pending when I already made it?,48
I noticed after looking over my transactions that I have been charged twice from an earlier restaurant visit this week. Is it possible that one of these can be removed so I get the money back for the one that is not accurate?,63
I wanted $100 but only got $20,75
"I need assistance finding out why I am unable to top-up my card, it keeps getting refused.  It is extremely imperative I get this resolved quickly.",59
I want to see what this fee is on my card payment.,15
Why did I get a transfer declined?,27
Why didn't I receive the right amount of cash at the ATM?,75
Fix my top up,59
How do I get a new expiration date?,9
I would like a Visa card.,73
Why am I being charged twice fro a restaurant?,63
I would appreciate it if I could get an item refunded,52
"Is there something wrong with my top up I did an hour ago? it's still pending. I need that money, i cant afford to wait or have it come back to me.",47
Can I get a refund?,52
I did not have the right exchange rate applied to my situation of pulling out cash,76
"I transferred money, why was charged for an extra fee?",64
A random charge got added to my card,16
"I'm starting to think my card is lost because it still hasn't arrived, can you help?",11
Is it possible that my card payment was reverted?,53
Why is my beneficiary not working?,7
why has a transaction to a friend been delayed?,66
What is the price for an additional card?,39
I need to freeze my card as soon as possible. I just checked my account and saw that there have been several payments that I don't recognize over the course of a few days. Can we investigate and get my money back?,16
what happens to the funds if a merchant refuses the payment,53
There's a cash withdrawal that  didn't make that is showing up.,20
A payment is pending,45
"If my card expires next month, will I need to order a new one?",9
"Hi,  I have transferred money but beneficiary's account is credited with less amount. Now i have transfer the difference of the amount. I think there is some issue, could you please look into this.",64
I am seeing a direct debit I wasn't aware of.,28
I have been waiting for my card payment to be moved from pending status for an unusually long time.  What is going on here and do you have an idea of when I can expect it to go through?,45
I don't recall making that payment?,16
How many countries do you work in?,24
I need to track the card sent to me.,11
Can you tell me why my transfer is pending still?,48
"My bank app said that I got cash from an ATM, but that's a mistake.",20
I tried to withdraw 50 pounds but it only gave me 30. Where is the rest of my money?,75
Why has my card payment been reverted?,53
Why would a merchant revert a card payment?,53
My accounts been charged a payment for something I didn't make.,28
I bought something and returned it and the money from the return isn't in my account.,51
"I just went through a old statement and noticed that a very large payment went through and i did not make it. It was from a few months ago, can I still dispute the payment?",28
There is a fee I don't recognize on my statement.,34
i did not get any money but still was charged,75
Why can't I buy cryptocurrency on the app?,7
I am still waiting on my bank transfer,5
"On my statement, there is a strange 1£ charge that appears as pending. What's causing that? I haven't purchased anything that's just a pound.",34
Where did the extra fee on my statement come from?,34
Help me activate my new card.,0
"Hi, can you tell me why my transfer keeps being rejected? I've been trying to send money to my friends this morning but failed every time and I have no idea why?",35
"I want to buy cryptocurrency, but your app doesn't let me. Why?",7
"How come my top-up didn't go through instantly, like it usually does?",47
"I need a new card, my old card is expiring.",9
I tired to deposit some cash into my account but it's not there,6
Why was there an extra charge because I used my card to pay?,15
Why did I get charged more for using my card?,15
I have cash deposit to my account but it is experiencing a problem,6
I prefer Mastecard.,73
My transfer hasn't appeared yet,48
Has my top-up been cancelled?,61
I have a new card and I can't add money to it.  I tried about 30 minutes ago and it is still pending.  What do I do?,47
Why was my transaction declined?,35
top up is still pending,47
Why is the exchange rate so exorbitant? This should have been a much higher amount of cash for that to apply.,76
I didn't see the money I added to my card.,59
Can I apply for one of your cards if I live in the EU?,24
What's the problem? I thought you offered crypto top up. This doesn't appear to be working at all. My money has now vanished from my account.,61
Can I cancel a transfer,8
dont understand why transfer failed,35
Can I get a card in the EU?,24
Do you give out Visa or Mastercards?,73
"Someone has a copy of my card !! I definitely still have it here but someone just made a 500£ cash withdrawal, HELP!",20
The amount of cash I received was not the full amount,75
There is a payment that is not mine.,16
What's the procedure for canceling a purchase?,52
I did all that was asked of me and I am rather frustrated. I don't understand why you just won't credit me my money back. I have contacted the seller and nothing has been done. It's been a week!,51
The activation process for my card isn't working.,0
Why was my transfer charged fees?,64
"My card payment is just showing up as pending and it has been a while , what's going on with that, it should be going through at some point?",45
I think a card payment I made was cancelled.,53
i tried to transfer cryptocurrency into my account but was denied,7
I had cash transferred but the balance did not change.,5
How much can I withdrawal in one month without incurring fees?,19
What is the fee charged for using my card?,15
I sent a check into the system but still haven't received the cash yet,6
The exchange rate is incorrect for something I bought,17
I would like to know the countries you are offer services in?,24
I do not know what this cash withdrawal is,20
Where did the money I deposit go??,6
What is the process for activating my card and using it?,0
I've made a card payment a couple of days ago now but it looks like the money is stuck. How long does it typically take for the payment to go through?,45
Why is my card payment still a pending transaction?,45
"I prefer Visa, can I get that instead?",73
What do I do if I do not recognise a cash withdrawal?,20
How long does it take for a refund?,51
Where are you cards supported?,24
There is a withdrawal on my account that I don't remember initiating.,20
I want to know why my top-up was reverted,61
I sent money.  They haven't received it.,66
What kind of fees will I pay when I transfer?,64
Why doesn't a return show up im my account from a purchase I made?,51
How do I return something for a full refund?,52
There is a direct debit charge on my account that is not mine.,28
Why is a transaction still pending?,46
Visa or Mastercard?,73
What is the refund procedure?,52
Why hasn't my transaction completed?,66
How long will it take for my transaction to be completed?,66
Where is the money I topped off with?,47
"Could you help me reactivate my card? It was previously lost, but I found it this morning in my jacket.",13
My app is showing a payment that I know I did not do. Can you please cancel that transaction and credit my account please?,28
How to decide if I get a Visa or Mastercard?,73
I didn't withdraw cash but I see that transaction on my app,20
The app reverted my recent payment,53
We need both a visa and a Mastercard.,73
What is the dollar that I have pending on my statement there?,34
"I guess exchange rate for my payment was not correct, as i charged extra on the last saturday.",17
I have just read my statement and there is a payment I don't recognise.,16
My card payment has been pending for a long time now. Why is it taking so long to take. It should have already made it through.,45
why have I got a pending transfer? I'm confused!!,48
Please help! I need a refund on a transaction on something I bought and I need the refund right away!,52
Why can't I withdraw cash from this ATM?,26
How can I activate the new card i got?,0
Why are the things I bought earlier today still showing as pending?,45
When will the $1 transaction be credited to me?,34
My top-up was revoked.,61
I purchased an item and the exchange rate I was given was incorrect.,17
How do I link my card,13
I tried to withdraw 40 pounds but only 20 came out. Did you steal my money?,75
I need to know the cost and when I will receive a new card to replace an old one.,9
How long does it take for pending transfer transactions to post?,48
"My card was declined and I did not receive money from the ATM earlier, yet it show on my account that it is pending.",46
My credit card for was not approved for a top-up transaction.  What happened?,59
Can I get a new card even though I am in China?,9
Is it possible to receive a Visa and a MasterCard?,73
I am waiting for a pending money transfer to process.,48
Can I dispute a payment even if I notice it several weeks after it was made?,28
Why am I not able to withdraw cash from this ATM?,26
I got charged twice with a duplicate card. How do I resolve this?,63
Are both Visa and Mastercard accepted?,73
Am I able to track a card that has already been sent?,11
Explain why my top up has been reverted please.,61
Why couldn't I transfer to a beneficiairy?,7
Help!  My wallet was stolen and someone is taking money out.  I need this money!  What can I do?,20
ATM withdrawal not working.,26
My product was faulty.,52
What identification is required to activate my card?,0
Explain the extra fee on my card when paying.,15
Please explain the fee on a transfer I made.,64
There is more than one charge on my account for a transaction.,63
i tried to make a transfer to a beneficiary and it didn't go through,7
Why did I have to pay more when I do it with my card?,15
When will I recieve my new card?,11
Why am I getting charged more for using my card?,15
What happens if a merchant doesn't accept a payment?,53
"Hello, I made a payment with my card and it's not working. It's been a while and still says its pending. Can you tell when this will go through?",45
Where is my transfer from [country]?,5
"Why can't I transfer my money into someone else's account? I should be able to do so right? Why does it keep rejecting my transfer? There's no reason, all my info is correct and the money is there.",35
My card payment has the wrong exchange rate,17
I placed a cash deposit in my account but I can't see it yet.,6
Why do I have a transaction showing up more than once?,63
It doesn't look like the top-up completed.,47
I wanted to purchase something online but the payment was returned back to me. This has been going on for a couple of weeks. Please tell me what is going on here?,53
I have transferred some money but the balance hasn't changed,5
Why is my ATM withdrawal still pending?,46
Why is the check I deposited this morning not showing up?,6
My card has not come in the mail yet.,11
I wanted to withdraw $100 from the ATM but I only got $20,75
"I tempted to get some money out of the machine earlier and it did not work.Looking now, the transaction actually shows to still be in progress. I would certainly appreciate someone look into this and let me know what's going on. I definitely do not want to be charged for money I never received.",46
After transfering some money my balance hasn't changed.,5
What is the longest that a payment will show pending?  There is one showing that has been sitting there a few days.,45
Why was I charged for transferring money?,64
Why did you cancel my card payment?,53
"There are a couple payments with my card shown in the app that i really make myself. What's going on with this, maybe someone has access to my card?!",16
what is this extra charge with my purchase?,15
I keep checking my statements but nothing shows up! I requested a refund a long time ago but seems it's not reaching my account for some reason. Can you please help me get the money back from the seller for me,51
How can I activate my new card? I didn't recieve any information with it about how to do so.,0
Why is there a payment I didn't do in my app?,16
I think my top up is still pending?,47
I transferred some money and it didint arrive,66
"I tried to top-up, why didn't it work?",59
Why doesn't my balance reflect my transfer,5
Why has my top up failed?,59
Tell me how a top up would be reverted.,61
Explain why my card payment wouldn't go through.,25
I don't think my card payment exchange rate is correct.,17
Explain pending transactions.,46
This Direct Debit payment may not be right.,28
I was needing you to see if the exchange rate is correct from when i got cash,76
Can you refund my purchase?,52
"Hi, I made a transfer from France two days ago and thought it would be here by now. Can you give me an update please?",5
Help! In the app there is a payment that I don't remember.,16
I am seeing inside the App a some cash withdrawal that is not mine,20
is it possible to cancel transactions?,8
Why is the cash deposit not showing up in my account?,6
My card payment is pending.,45
I got $20 when I should've gotten $100,75
I made a card payment but it didn't work. Why not?,25
I want to revert this mornings transaction.,8
I think I see a withdraw I did not make.,20
Can a transaction be cancelled?,8
How long will the transfer take?,48
I need to know why a money transfer is available.,48
Is there a reason behind why my transfer did not work?,35
Can I track the card that you sent me in the mail?,11
What should I do if my card payment was cancelled?,53
My card was rejected,25
My transfer got declined.,27
Why was I charged for payments? You didn't warn me about additional fees.,15
I would like to activate my card what do I need to do?,0
Why am I unable to withdraw money even though in the past I've done it just fine?,26
It seems my top up is reverted?,61
Looking at my account I've noticed a charge that appears to still be in progress. I had attempted to get money out of the machine earlier but the machine seemed to have been broken. I never received my money so will you please look into this for me? I don't want to be charged for money I never actually received.,46
I was so embarrassed. Why didn't my payment clear?,25
The app has rejected my top up.,59
Why am I unable to withdraw my money through this card?,26
I think there was an error in your exchange rate.,17
Can you send me more cards for my account?,39
"Can you send me a Mastercard, instead of a Visa?",73
I sent a transfer to a friend that needs it urgently. It has already been 2 hours and still hasn't come through to her. How long does it normally take?,66
Why did I get declined when trying to get cash?,26
I would like to know why a withdraw I made for some cash shows up as pending.,46
I thought cash withdrawals didn't have a fee,19
"The expiration of my card is near, how do I order a new card?",9
What do I do if my card expires soon?,9
What do I do if I see a transaction on my card that I don't recall making?,16
I think when I withdrew money when out of country the exchange rate was wrong.,76
I am waiting for a payment to go through.,45
"Hi, would you please activate my card?",0
How do I get refunded?,52
There's a cash withdraw on my statement that I didn't make.,20
Is it possible for me to give my daughter a second card for this account?,39
Two days ago I did a transfer to another account within the country.  It doesn't appear the transfer went through.  I have verified the account number several times.  Could you please check on this for me?,66
Money is not in recipients account.,66
"When using my card I was charged a fee for doing so, why?",15
Why does my statement show an extra fee?,34
What is the fee charged with this card payment?,15
"Why did my transfer not work, it says it was declined?",27
My latest transfer seems to be missing.,5
I think that there was an error in calculating the exchange rate.  I recently withdrew cash and received much less than expected.,76
Why can't I activate my card?,0
What is the extra €1 on my statement for?,34
Can I get a card even though I live in the US,24
The ATM is declining my card. I tried at two different ATMs. Can you tell me if there's anything wrong with my account?,26
I see non-received cash in my app.,20
"I am unable to activate my card, it won't let me.",0
"I no longer want to transfer funds, can we cancel that transaction?",8
Can I use it outside of Europe?,24
I'm not sure if my pop-up went through.,59
When trying to get more than one card is there a extra amount that needs to be paid?,39
"May I reactivate my card? I previously reported it lost, but have now found it safe and sound.",13
"There was just a withdrawal but it wasn't me, I've never even visited the town where the withdrawal happened.",20
Why couldn't I get cash from an ATM?,26
Why was there a fee on my cash withdrawal?,19
Is there a way to track the delivery of my card?,11
I got less cash because of the exchange rate.,76
"I just checked and my payment was cancelled, why?",53
What happens if my card payment is cancelled?,53
"Hi I've been trying to top up my card for the past day but it gets declined, I need it topped up urgently! Can somebody get back to me to resolve this or explain any different ways I can top up my card?",59
What's the deal with no cryptocurrency on your app?,7
My package is taking too long to arrive and I don't want it anymore. Can I get a refund?,52
How long should it take for a transfer to go through? I have been waiting a while.,66
They used the wrong rate when I made a purchase with foreign currency.,17
I want to cancel a transaction from this morning.,8
"Please, I need your help as to whether or not you have money for a large refunded purchase I made. I requested it some time ago from the seller, but nothing is showing up.",51
There's a cash withdrawal on my account that I didn't make,20
Please check the exchange rate for my payment last Saturday. I believe I have been overcharged.,17
Mastercard is my preferred company.,73
"I just checked my statement and saw a $1 charge, why is it there?",34
I wanted to top up my account and it doesn't look like it worked,59
"I have a Visa and Mastercard, can I use these?",73
How long does a top-up take to go through?,47
I have a card payment that I don't recognize. What should I do?,16
"How long do you expect me to wait for the transfer? It finally worked out, but has been pending for a long time and it's quite urgent.",48
WHAT IS THE SOLUTION OF THIS PROBLEM,11
I need my refund as soon as possible. What else do I have to do?,51
Can I choose my Visa or Mastercard?,73
How do I add my new card?,13
"I'm not sure what is going on here. I've received payment back into my account  for an item I've already received, from about 2 weeks ago.",53
There is a weird payment in my statement.,16
How do I avoid a fee to use an ATM?,19
How do I link a new payment card?,13
What is the transfer fee charge?,64
An extra pound was charged!,34
Who charged me a fee for paying by card?,15
I need to cancel my recent transfer quickly since I made a mistake. Please help before it goes through.,8
I want to reverse a transaction I did this morning,8
"The expiration date on my card is very soon, and I need to get a new one.  What are the price and delivery options for my replacement card?",9
How long will it take for my money to be deposited?,47
The ATM wouldn't let me have my money.,26
"There is an unexplained $1 charge on my statement, can you please explain this to me?",34
I have been double charged,63
What is the maximum I can transfer before I incur fees?,64
I was expecting my new card by now.,11
MY transfer has still not appeared.,5
I did not receive the right amount of cash I requested,75
What are your policies for card transfers?,35
"Is there something wrong with your website? I tried topping up my account and it's been close to two hours now and it's still at ""pending"" for some reason. I just joined with you guys and this is the first attempt at this, so maybe I'm wrong, but shouldn't this be instant?",47
There is a transfer not showing on my account.,5
My top-up is taking a while to process!,47
"I am seeing in the app, some cash witdhrawals that I did not authorize.",20
Foreign currency rates were put in wrong at an ATM i used.,76
"Your system is broken. My transfers keep failing, 5 times now.",35
I am concerned about the security in my account and would like to make a dispute.,28
It appears as though my card payment was duplicated. I paid at the store earlier today. The first time it was declined and the second time it worked. The app is still showing one of the payments to be pending. Please take one of these off because clearly the first was declined and is not correct.,63
Why is my transfer pending?,48
Can I get some help to get me card activated?,0
Can I choose from either Visa or Mastercard?,73
Seems like my top up has been cancelled,61
I want to be sure that everything is okay here. I just made a transfer from a UK account and it is still not showing up. How long does this typically take?,5
My card hasn't arrived yet. What do I do?,11
I made an ATM withdrawal over the holiday and then later realized I was charged an exorbitant fee!  I never would've made this withdrawal if I'd known I'd be charged so much.,76
How can I check for an unsupported merchant for my transfer request?,27
I got a strange cash withdrawal in my statement,20
When did I get a $1 extra fee on my statement?,34
How do I get my card active?,0
Why would there be an extra charge on my app?,34
Is there a tracking number for the card?,11
how do you determine your exchange rates because one of yours was off when i got cash,76
I just realized I made the wrong transaction  yesterday. Would  you please make it correct?I need it by tomorrow.,8
How do I add the card I just received to show up in the app?,13
Please explain why my transfer attempt was declined. Thank you.,27
It didn't give me my cash,75
My statement is showing an extra £1 charge and I am unsure why. Is there an explanation for this?,34
My card payment wasn't accepted.,25
From what countries can I use an account?,24
My account transfer was blocked.,7
Why was I charged a fee on a cash withdrawal?,19
I was checking my statement and my top-up has been reverted,61
A foreign purchase I made has the incorrect rate applied to it.,17
Should I keep waiting for my card to be delivered?,11
I use my card internationally to manage payments and I just noticed that you are adding additional fees.  Why?  I am a good customer and this has me thinking about leaving.,64
Can I activate my card?,0
What is the reason that my top-up is still pending?,47
I tried topping up for the first time today since I am a new customer. It doesn't appear that it's working. It has been pending for at least half an hour. Please take care of this.,47
I asked for 100 but only got 20.,75
There is a transaction showing up several times.,63
I bought an item and noticed the exchange rate was not correct.,17
I was charged a fee for using my card. Can I check that in any way? It seems like there are occasions that I am charge for fees. Can you elaborate this?,15
help my money isnt showing up,5
I think I was charged double for something I bought - how long should I wait before reporting this?,63
what is this charge i didnt do it what can i do,28
I need another card for a member of my family. Is this possible? How soon can I get one?,39
My transfer didn't work,35
My friend says he hasn't received my transaction,66
There's a payment with my card that I definitely didn't create. I don't know anyone by that name.,16
Why was I unable to complete my transfer?,35
"I was transferring some money to a friend, which I thought would be free, but I see there is a charge.  What's up with that?",64
I need someone to alert me as to what's going on. I had transferred an amount but the receiver is saying that the amount is somewhat less than what I sent over. I now have to make another transfer to make up the difference.,64
Why couldn't I transfer funds to my beneficiary?,7
I would like to have a Mastercard.,73
"I got some cash of an ATM earlier but this shows up as pending in the app. How can this be still pending, I've got the cash already?",46
"I have waited 15 days, but my payment still hasn't cleared.",45
There is the same transaction showing more than once.,63
I tried to withdraw cash from the ATM machine and it did not work. Can you tell me why?,26
When will my deposit post to my account?,6
my cash withdrawal has not come out of my account yet.,46
Why is there a fee for using my card?,15
I would like to report an issue with my product and want to get it refunded,52
"I deposited a check yesterday to up my account balance, but that deposit hasn't shown up yet.  It's been a day already!",6
Can you tell me why my top-up failed?,59
The app made a mistake and said I made a cash withdrawal.,20
"Hello, I was just went through my recent transaction on my bank account and I just noticed that I was charged twice at a place that ate at this past week. Can I get that second transaction removed from my account?",63
I don't recognize the direct debit payment from the app.,28
"I'm checking my statements and I saw a purchase from a couple weeks ago that I don't recall at all. Not only that, but I don't even know the business that charged it. I'm not sure if I did it or not, but can we check it and see if we can trace it back to make certain?",28
"I am getting charged fees on some payments.  Please help me understand, where are these fees disclosed?",15
I sent money to a person and they haven't received the payment yet.,66
"The transfer finally worked, but how long does it stay pending?",48
I found a direct debit I would like to dispute,28
"This past holiday I made a withdraw at the ATM machine, and it seems I've been charged too much.",76
Can you help me figure out what is going on with a debit payment that is showing up on my account I am not sure is suppose to be there.,28
Can you explain why the ATM is giving me less money than what I asked for?,75
Where do I go to add a new card?,13
My statement has a dollar I have been charged showing up on it.,34
"My card payment was reverted, why?",53
How long should I wait for top up go go through ?,47
"When I tried to access my cash, I wasn't allowed!",26
"Hello- It is urgent I get a refund on this product. The merchant has not been helpful, what can I do now to get this resolved ASAP?",52
going to need a new card what are the fees and time it takes,9
Why isn't my refund showing up?,51
Can you please tell me why my cash withdrawal is still pending?,46
Please help!  The app won't let me cancel a money transfer.  I accidently sent money to an account that wasn't mine.  I need this cancelled immediately.,8
My top-up was just cancelled.,61
I needed cash from the ATM but I couldn't get it.,26
Why can't you allow my beneficiary?,7
"I tried to withdraw money, but was unable to. Still says that the transaction is pending? Will this money disappear??",46
"My top-up showed as complete, but it's no longer there! What's going on here?",61
Some cash has been withdrawn but I didn't do it.,20
I bought some things this morning but the payment shows that it is pending,45
"I've just come back from an eating holiday in the USA and Canada and have SO many pending and duplicated transactions on my account.  I think there is something wrong, can you look in to it please?",63
"I initiated a payment a while ago and it is still showing as ""pending"", how long will it take to clear?",45
What would be the reason there's an extra fee on my statement?,34
Are your cards available in the EU?,24
What countries do you operate in?,24
How do I avoid getting charged a fee on my card?,15
Do I have a choice for a Mastercard?,73
How much time do transfers typically take? I sent money to a friend who needs it urgently. It's been hours and has not gone through.,66
Why hasn't the money I transferred into my account shown up yet?,5
My purchase from this morning still is pending.,45
How can I get a Visa and Mastercard?,73
Why didn't my transfer go through?,35
I see a direct debit transaction in my app that I didn't make.,28
Please help!  There was an extra fee when I got cash.,19
Why is my last transfer pending?,48
What does a pending transaction mean?,45
What countries can I use your services?,24
I made a card payment and a fee is showing up?,15
"It's been more than a week since I had a return charged to my card, why hasn't it showed up?",51
I have a transaction showing multiple times.,63
There is a  €1 fee on my account I didn't authorize,34
"When will I get a new card when I order it, and how much will it cost.",9
"There must have been a mistake, why was I charged an extra pound?",34
my cash out is still pending,46
Do you offer Visa or Mastercard?,73
"I can't see if the transfer I did a couple days ago is in my account yet. I double checked my info before sending, too. Can you check this?",66
Please help to explain to me why my new card was declined when I tried to use it at my grocery store this morning to pay for the items I needed.  I tried three times to use it and it kept being declined.  I was very embarrassed standing there trying to buy my groceries.,25
How can I request cash back? The ATM just gave me a different amount than what I've been charged though...,75
There's a card payment I didn't make,16
Do I have a $1 extra fee on the statement?,34
I'm a new customer and tried topping up today for the first time. It's still pending and doesn't seem to be working. I need to get this fixed.,47
"I just transferred my friend money, but she hasn't received it yet, and it's been a few hours. Can you tell me when to expect it to go through?",66
I've already sent the money out and still have not received money in my account.,6
A transfer has to be cancelled.,8
"Someone withdrew money from my account, and it wasn't me.",20
Why do you keep declining my payment? I tried several times already with this card and it's just not working,25
I noticed an extra pound charge?,34
Why is there a charge on my account for taking out cash?,19
When will my cheque be processed?,6
"I didn't think my country-to-country money transfer would take so long. It still says that it's pending so I re-checked all of the account information--everything seems right, so what's the deal?",48
I withdrew cash and was charged,19
How do I turn on my new card?,0
I transferred some money but the recipient is having trouble withdrawing.,66
"I have found my lost or stolen card, would I still have to activate the new card that was sent to me through the mail in order to access my account?",13
"i have tried everything to complete a transfer but can't, what should i do next",27
The wait for this transfer seems to be taking a very long time.  It is very important that it goes through quickly. Can you please tell me how long it may take?,48
I made this payment days ago so why hasn't it gone through yet?,45
"I just received a new card, where do I go to link it to my account?",13
I payed my rent to my landlord a few days ago and he is saying the it never went though. Everything looks good to me and I even double checked the account number. I don't know what could be causing the confusion. Can you help me please?,66
"OMG!  I'm trying to load my card and it wont top up!  I desperately need the money either on my card or in my bank, where is it?",47
Why hasn't my in country transfer gone through yet? I confirmed the account info a couple days ago but the payment hasn't been posted yet.,66
"I need a card, but I'm in the US at the moment.",24
My top up failed.,59
I got some items this morning but the payment says pending,45
can you share card tracking number?,11
Why is there an extra fee on my statement?,34
Why is allowance not being given to my beneficiary?,7
I do not understand what this particular direct debit is ?,28
The exchange rate was incorrect for this item I bought.,17
Today I noticed a charge for an ATM withdrawal on my account. Can you please fix this? It's supposed to be no charge.,19
I was under the impression that transfers were going to be free and here I was charged for something I bought overseas!  I don't think this fee is right,64
I need to know what these extra charges are on my statement?,34
The ATM didn't let me get any cash,26
"I received my card, how do I get it to show in the app?",13
I was checking my account when I saw a $500 cash withdraw that I know I didn't do.  I have my card so I don't understand how this happened.  Please help me.,20
I was wondering how I could have two charges for the same item happen more than once in a 7 day period. Is there anyway I could get this corrected asap.,63
I think the exchange rate on my card payment is incorrect.,17
I was not able to receive the correct amount of cash.,75
I've tried numerous times to submit a transfer of funds. Why isn't it going through?,7
Are new cards available from China?,9
Canceling my order is what I need to do right now.,52
Why have I been charged a fee for card payment?,15
"I recently purchased something, and the exchange rate was wrong.",17
My top-up isn't working.,59
why did the app refuse to make an approved payment,53
May I have another card?,39
There is a charge on my card that I did not make,16
How long after I receive my statement can I dispute payments on it?,28
"My transfer failed, why?",35
"Hi, i found a large amount payment in my old statements which i am sure was not made by me. I am aware that the time has passed but is there a way to raise a dispute for this payment now?",28
Can I make a withdraw in my home currency at an ATM? I'm on vacation and don't have cash with me. This is cause for a bit of concern. Is it possible to withdraw here without additional fees?,76
Why was I not able to complete my transfer?,35
Please stop my purchase.,52
Why did I only get $20 when I asked for $100?,75
"I tried to get money out of the Notting Hill ATM earlier, but I wasn't able to get anything out. Is there a problem with my card? It's the first time I tried using it.",26
"A transfer I sent was received in less than the full amount I originally sent, and now I have to send additional funds to cover the full amount. What happened?",64
How come there is a duplicate charge on my card?,63
I am seeing in the App a some cash withdrawal that I did not do,20
Why didn't my balance change after I transferred some money?,5
Can you tell me why my refund is not showing in my statement?,51
Why does my statement show various transaction times?,63
Are there any fees to get additional cards?,39
Can I select my card scheme or do you choose it for me?,73
Will I be able to track the card that was sent to me?,11
A mortgage payment I'm making is giving me an error message.  This is the first time I'm making this payment and want to know what's wrong.,35
I want to get an item refunded,52
Can you tell me why my transfer is failing and help resolve?,35
"Would you please check my Card. As Withdrawal was working fine so far, but this morning suddenly got declined. Can you please check the problem?",26
"I cannot seem to buy something online with my card? the payment comes back, what's going on?",53
How do I get extra physical cards?,39
Im very upset as my top-up was canceled and I have no idea why.,61
"According to the app, I got cash from an ATM but I haven't made any transactions.",20
"I received my card, how do I get it to work in the app?",13
"This is not right, I was told I could take out cash at the ATM for free?",19
I was charged for getting cash.,19
When will my transfer move from pending to confirmed?,48
Which countries do you currently support?,24
I tried to get $100 but I just got $20,75
Why could I not choose cash at the ATM?,26
"I need to activate my card, how is that done?",0
The exchange rate looks wrong on a holiday purchase,17
"Around one or two weeks ago I purchased something but there's seems to be an issue. I have already received one of the items, but today the money was placed back into my account. What is happening?",53
Why would a cash withdrawal still be pending?,46
can i get a card if i live in the US?,24
Next time maybe let people know that buying things from another country costs extra. I used my card to purchase an item from another country and I was charged for the item and also an extra fee it looks like. I wasnt aware of this and I think I should get a refund.,64
I make payments for my place abroad using this account and since i use it so frequently I was wondering why did the fees increase suddenly rather than decreasing? I would think customers like me should receive incentives for using your service,64
My ATM withdrawal was declined.,26
I have found my lost or stolen card. Is there a way I can link the card with my account through my app again?,13
I have a fee showing from last time I used my card.,15
I visited the ATM but got less money than what I requested. Why?,75
What does it mean to have a pending cash withdrawal?,46
I don't understand why you aren't accepting my transfer. After a couple times trying I'm still getting an error message.,7
What do I do to link my new card?,13
I still have not received an answer as to why I was charged $1.00 in a transaction?,34
I see an unfamiliar Direct Debit payment.,28
I think the currency exchange that's been applied is wrong.,17
Why was my account charged for using an ATM?,19
Will you guys do Visa or Mastercard?,73
Why hasn't my balance increased after depositing a check?,6
is there a reason that my payment didnt go through,25
Why have I all of a sudden been charged for my ATM withdrawal? I thought the withdrawals were free because this is the first time I've ever had this problem.,19
"Hi, I sent a payment to the wrong account number - can you cancel it as soon as possible?",8
Can I get a mastercard?,73
When will my funds transfer?,66
you got the exchange rate wrong for my cash withdrawal,76
"I'm really concerned because I only made one transaction, but it's appearing multiple times.",63
I'd rather get a Mastercard,73
What is the reason for the extra fee on my statement?,34
What is the extra fee that showed up on my card?,15
"Hello, I believe there has been a mistake made on the exchange rate for my card. Could you please check the official interbank exchange rate for me?",17
Can you tell me about why the account I have was charged an extra 1$,34
Is it acceptable to use either Visa or Mastercard?,73
Why is there a fee on my money transfer?,64
Tell me why my transfer failed!,35
I need info on activating my card?,0
I was charged for the same thing twice,63
Hello I changed my mind and really need a refund on something I bought recently. Can you please cancel the transaction and get me my money back. Please it's urgent.,52
"Hi, during online shopping payment is getting declined yesterday and today as well. Please check the issue.",27
Why was I charged an extra pound?,34
When will I be able to see the refund,51
I had to pay a fee when buying items with my card.,15
I am wondering about a transfer from a different country that doesn't show up yet?,5
What if my top up doesn't go through?,47
I attempted to deposit a cheque yesterday but the balance isn't showing today. Is it still pending?,6
Does the package with my card have tracking?,11
My top up says it is still pending,47
It's been a week and I have done everything that I was asked to do and still nothing. I have contacted the seller and have not gotten a response. Please understand my frustration and put the money back in my account.,51
I tried to pay through my account but the payment is not going through. What's going on?,45
I  do not see a top-up processed.,47
A payment I didn't do shows in my app,16
I have tried using my card for the first time at the ATM of Notting Hill to withdrawal cash but it didn't work. Does this mean my card isn't working?,26
They declined my card payment.,25
Why didn't my transfer to a beneficiary happen?,7
I am not seeing a refund in my statement.,51
I ordered my card but it hasn't been delivered yet,11
Why do I get a fee every time I transfer?,64
I tried doing an in country transfer earlier this week. I thought it would be there by now but I still don't see the money. Can you check the status on my transfer?,66
I see a direct debit payment on my statement that wasn't me,28
"I purchased something and already received it, why hasn't the money taken out?",53
Is there a way to undo a transaction?,8
I need to change a transfer.,8
"A transaction I did to my friend hasn't arrived yet, why?",66
I withdraw money abroad but I didn't get the right amount.,76
i put money on my card and i dont see it on the balance,47
Why is my card payment cancelled?,53
"My top-up was cancelled, could my bank be the problem?",61
I use this card all the time so why did it get declined at the store today?,25
"I sent some money to somebody a couple of hours ago, and they still have yet to receive it.  They really need the money, how much longer are they going to have to wait?",66
Can i have the item refunded?,52
I'm trying to purchase crypto via the app. I haven't been able to get it to go through. Am I doing something wrong?,7
My account balance has not gone up even though I just transferred money into it,5
In which countries can I get a card?,24
Am I able to get a second card?,39
How do I add my new card to the app?,13
Why am i being charged for withdrawing cash funds?,19
I made a purchase earlier today but it is still listed as pending- when will it go through?,45
"In my statement, I got a €1 extra fee.",34
why is there a fee for the transfer I made?,64
"On my last trip, I received the incorrect exchange rate.",76
What should I do once my card expires?,9
why wouldnt the atm give me money,26
"After I deposited my cash, I still don't see it in my account.",6
My credit card payment has been in pending status for a super long time.  I don't get it.  Why is it like this?  When will it go through?,45
How can I get a card sent to China?,9
I deposited cash this morning and I am still waiting,6
"This is URGENT, I typed the wrong payment information for a payment I needed to make and have clicked send, I need to reverse the transaction immediately.",8
Can you tell me if my top-up has been cancelled?,61
The cash I asked for still hasn't been received,75
"I tried topping up but my funds seem to be pending. I want to buy something right now, what do I do?",47
"I put my check in the bank, but I haven't gotten my cash yet?",6
"I went to look at my top-up and it was canceled, can you tell me why this happend?",61
Why isn't my refund on my statement?,51
I deposited a cheque but I don't see the funds in my account.,6
"If the ATM only gave me 10 pounds instead of the 30 I requested, what do I do?",75
after going over my transactions for the last couple of months I noticed a pretty large charge that I know I did not make. I know it's been a while but can I still dispute this charge?,28
The wrong account was used during a transaction.,8
I don't understand why my card payment is pending.  It has been pending for too long.  Why is this and when might it go through?,45
"my daughter needs a card, how do i add her?",39
If my card payment isn't working what do I do?,25
The exchange rate was wrong?,76
Transaction showing up many times.,63
Are you Visa or Mastercard?,73
"my card payment has been declined, do you know why?",25
"Hello. I have a transaction in my account listed as pending. I tried to use an ATM at the city centre, but the machine declined my card, and I did not receive the money. Why is the transaction still pending if I did not receive the money.",46
When I got cash I was charged an extra fee!  Explain!,19
Do I get Visa or Mastercard?,73
Under what condition will my payment revert?,53
I think someone may have cloned my card or something.  My card isn't lost but I just saw a charge of $500 cash withdraw.  Can you help me?,20
Let me know when you charge for payments. I just checked the app and saw a fee that I wasn't warned about.,15
Why have I not gotten my new card?,11
There is an odd 1£ charge that appears as pending on my statement. What's the reason for that? I haven't purchased anything for a pound.,34
Could I raise a dispute for a large payment that i found out was not done by me in my couple of last statements? I am aware its delayed now. Please help me out.,28
"My card has an issue, the payment has been deferred.",53
"The top-up has a definite problem! I regularly use your service and haven't had a problem before, but now the top-up just shows pending. Please tell my why it continues to show pending.",47
Am I allowed to use any card to make a payment?,73
ATM only gave me $20 instead of $100,75
i would like to dispute a direct debit payment,28
How long do top-ups take to go through,47
Why did my payment go back to my account when I bought something?,53
I go the wrong exchange rate applied to my purchase in a foreign country.,17
There is a payment that I made that hasn't gone through yet.,45
Can I get a card outside the UK?,24
What are the steps that I need to take to activate a new card?,0
Why does the same transaction appear multiple times?,63
How can I track my card's delivery?,11
I'm not sure where this charge came from.,16
Why was I charged an extra fee when using an ATM?,19
"Next month my card will expire, do I need to order a new one?",9
I have a payment which has not been approved.,45
Do I get to choose between Visa and Mastercard?,73
Why wont the ATM give me cash?,26
After taking over my card transactions I noticed that was charged twice for a restaurant purchased from earlier this week. Can you please remove one of these transactions from my account since it is not accurate?,63
I would like to dispute a direct debit transaction,28
I sent money to my family last Friday but they don't have it.,66
I took out money from the ATM and it's still showing as pending?,46
I am still waiting for the cash to be returned from a cheque I deposited!,6
I don't see my card anywhere in the app.,13
Where is the transaction I made to a friend?,66
"I'm supposed to be getting a refund but it hasn't shown up, now what?",51
I got topped up but the application reverted it.,61
What could the reason be that my payment card was declined?,25
"I got a new card, how do I link it?",13
Please help me with my card. As i have tried to use my card in two different ATMs but repeatedly it was declining by ATM.,26
Do you offer cards for those in other countries?,24
"There is a pending transaction on my account, what does this mean?",45
I need help right now. I realize I sent my payment to the wrong account number after making a typo. Please cancel the transfer now since I can't do it from the app.,8
I have been charged twice on my statement.,63
If I make a transaction can I cancel it?,8
How do I know when my card will arrive?,11
Why was my ATM transaction cancelled?,26
I am inquiring about why there was an extra fee charged when I used an ATM.,19
How do I link my replacement card?,13
When I purchased a product in another country the currency exchange was incorrect.,17
Why was there a fee for paying by card?,15
"Hello, I have a pending transaction in my account due to an ATM machine that wasn't working. In any case if the transaction goes through, after how long can I get my money back?",46
I want to revert a transaction I did,8
What's up with the fee for getting cash?,19
I recently bought an item using my card and I was charged an extra fee why is this?,15
Why haven't I gotten my payment yet?,45
It looks like my top up didn't work.  Why?,59
Why is my cash withdrawal still pending?,46
I received duplicate charges.,63
My transfer is still pending and I know the account numbers are correct.  Please help.,48
Can I have an item refunded?,52
I understand that this is extremely late. After going over my transactions for the last couple of months I noticed a large charge that I'm sure I did not make. Is there anyway I can still dispute this?,28
"I've got a problem - I bought something with my card one or two weeks ago, but now exact same amount of the purchase is showing up in my account. I like more money in my account, but this is too good to be true. Can you tell me what's happening?",53
I think my statement has a fraudulent charge,16
Hi - I have made a transaction to my new landlord but unfortunately it shows on my end but not on the landlord's end. The numbers are correct. Can you confirm when that will go through?,66
"Given a choice, I'd rather have Mastercard.",73
may I have a Visa and a Mastercard from you.,73
Money that I have transferred hasn't arrived yet,5
"I do not like this, I made a simple transfer but I have an additional charge for doing so.",64
A refund for a recent return has not arrived on my card.,51
"Transfers may show up as pending for up to one day while they are processed by one of our payment processors. Then, they will depart for the beneficiary accounts. Please also double-check that you have entered the correct account details. SEPA transfers can take up to two business days, and SWIFT transfers can take up to five business days.",48
"There are incorrect charges on my account, there was a WD that was made by someone else.  I still have my card though.",20
"I got this stupid fee after taking cash out, why?",19
There is a payment done with my card which i definitely did not do.Never seen that name before.,16
"I used my card to make a payment a while ago and its still pending, Why is it taking so long?",45
Why was a payment I made reverted?,53
My transfer was rejected,27
How can I get a second card for my daughter?,39
The rate of exchange for my cash withdrawal is wrong.,76
Why has my card been declined?  whats the deal?,25
I got a extra €1 fee in my statement,34
Why hasn't my balance been updated from the check deposit I made?,6
"Hi, there is a suspicious payment from my card. I definitely do not know who this is or who could have made this payment.",16
I see a duplicate payment.,63
"Once my card expires, what should I do?",9
Is my card lost? I am still waiting for it to be delivered.,11
I did a bank transfer and my balance isn't current.,5
Why could I not get cash?,26
I tried to withdraw cash from your ATM but my transaction was cancelled.,26
Is there tracking info available?,11
How long do I have to wait for the transfer to be finalized?,48
Why didn't I receive all the cash I requested?,75
There's a direct debit payment that I don't recognize.,28
Why is my refund missing in my statement?,51
What do I need to do in order to use my card I just got?,0
I used this account a lot during the last month to manage my payments for my new place abroad. Seems that suddenly fees have increased? Shouldn't you instead reward your frequent customers instead of putting an additional fee suddenly?!,64
How long does a transfer stay pending?,48
My transfer was declined. Why did this happen?,27
I am unable to use my top-up on the app. Could you explain this to me?,61
"So, my transfer is showing as pending, when will it actually go through?",48
Please assist me with activation.,0
"I requested a refund, and never received it. What can I do?",51
I completed a transfer that isn't showing up on my account.,5
I have gone through my statements and noticed there is a large payment that I did not make. Can i still dispute the payment? its been a while,28
"Please help! I was looking at my account and saw a transaction with a seller I don't remember. Is it possible for you to track the sale, because I really don't think I made a payment to them.",28
"I have not received my card and it's been a week, what do I do?",11
A debit came through that I need to dispute.,28
"My husband and I went out for our weekly ""dinner and a movie,"" and it was my turn to pick up the check. Now I see that my card was charged twice. Who should I contact about negating the second charge and getting my card credited?",63
when will the balance on my account change form a transfer,5
I sent a transfer and it has been pending for awhile. How long will it stay pending?,48
I had a payment reverted and would like to figure out why.,53
How long to UK transfers usually take? I made a transfer but it didn't pop up in my history yet. I just want to make sure it went through.,5
I got a message that my transfer is not possible.  What is happening?  I need this to go through please.,7
I transferred money and it didn't get there.,66
I have a new card. How do I activate it?,0
I have a transaction that shows multiple times.,63
Is it possible to get a second card for my daughter?,39
A transaction posted twice to my account.,63
The account transfer I was trying to do failed.,7
I still haven't seen a refund on my account,51
Why is my debit card being declined when I have money?,25
I was charged multiple times for one purchase,63
Do I get a choice between Visa and Mastercard?,73
Why is there a fee for withdrawing?,19
My money transaction hasn't arrived.,66
What is this charge on my account for a cash withdrawl?,19
Tell me how to cancel a transfer.,8
"Since my card is about to expire, what do I do to get a new one?",9
"I want a card, but I'm not in the UK- can I get one still?",24
What steps must I follow to get a Visa credit card?,73
How do I see my updated balance after I make a cheque or cash deposit?,6
"I just noticed that I supposedly made a payment to a seller a while back. The problem is, I don't recognize the seller. There must be a way to see who it is or track the payment. Can you do that, because I don't remember this transaction?",28
My morning transaction needs to be canceled.,8
Does it cost anything to get a new card? Mine's about to expire and I'd also like to know how long it takes to get the new one.,9
My bill shows the same charge more than once,63
When will my top-up be completed?,47
I noticed on my online statement that an ATM withdrawal I made early is still pending.  Is this accurate?,46
"I thought you offer crypto top up but it doesn't seem to be right ? Money just disappeared from my account, How it would work ?",61
What is the reason for this fee I got after a simple cash withdrawal?,19
How long does a payment usually show as pending? Is it normal that mine is still pending?,45
Is it possible to get a Visa and Mastercard from you?,73
"My ATM transaction shorted me on cash, and I think the exchange rate was wrong. Did I receive the correct rate?",76
A direct debit appears in the app but I didn't authorize it.,28
"I want to get a Visa and Mastercard, is it possible to get both from you?",73
Why would my card payment be cancelled?,53
I keep checking my statements but nothing shows up. I requested a refund a long time ago but seems it's not reaching my account for some reason. Would you please help me get the money back from the seller.,51
Why  am I being told this  transfer will not  go thru,7
Can I make a withdraw in my home currency at an ATM? I'm on vacation and am a bit worried because I don't have cash with me. Is it possible to withdraw here without any additional costs or fees?,76
"I don't know why the deposit I made a week ago still hasn't showed up, I really need the money now.",6
There are a couple of payments with my card shown in the app that in reality I didn't make. Maybe someone has access to my card?Can you check whats the issue ?,16
I made a transfer into my account and now I need to cancel it,8
"i made a payment with my card and was charged a fee, why would you do that",15
"lost card found, want to put it back in app",13
I was charged a fee for a transfer. Where did it come from?,64
Why were there additional charges when transferring?,64
My account isn't showing a transfer I made.,5
"My new card isn't in my app, how do I get it in there?",13
why did i get declined transfer,27
Why does my account have a pending cash withdrawal?,46
I think a payment I made with a card was cancelled.,53
"I made a mistake and did a transaction to a wrong account, can I cancel?",8
For some reason my account's been charged an extra dollar.,34
"I purchased something abroad, and the exchange rate that was applied was wrong.",17
How can I tell if there will be a fee added to my payment or not?,15
I would like help to revert a transaction I did this morning,8
What is the extra fee I was charged when using an ATM?,19
I got a message that I cannot name X as a beneficiary.,7
how do I link an old card?,13
The app shows a withdrawal that I did not make or authorize.,20
"I would like to receive and use the card in Europe, is that possible?",24
"Hello, there was an error while attempting top-up with my card this morning. I was able to use the card two days ago with no issues. Could you please assist?",59
are transfers to a beneficiary possible,7
I did not receive the correct amount for the exchange rate.,17
Where are my funds? I topped off my car but it didn't seem to complete.,47
My transfer did not seem to work.,35
Where can I order a card when I am in China?,9
I sent a payment but now it's not showing up.,53
The fee charged when I changed rubles into British pounds was too much.,17
How do I dispute a direct debit on my account?,28
why wasn't a transfer to account approved,7
Help me order a new card that's going to be expired soon.,9
Why has payment been returned?,53
Why is my refund not visible on my statement?,51
Is there a reason that my top-up is still pending?,47
I deposited a cheque and its been days and I still haven't received the cash!!,6
I would like to know why my purchases from this morning are still pending.,45
"I'd like to get a refund for something I bought, is that possible?",52
I just transferred some money. Why was I charged a fee?,64
is a transfer to a beneficiary allowed?,7
What reason did my top-up fail for?,59
What do I do if I got the wrong amount at the ATM?,75
I can see an extra 1£ charge on my app. Why did you charge me extra?,34
"Errors keep showing up every time I try to make this transfer and I am on a time crunch,  could you please help.",35
What is the time frame that transfers normally take from a UK account? I just completed a transfer and nothing shows up. I need to know if everything is alright.,5
What am I supposed to do if the funds haven't show up from a transfer completed this morning?,48
What does it mean if my payment was reverted?,53
I wanted to know why there is a transfer of mine pending.,48
May I order another card?,39
What is your policy on withdrawing cash from an ATM? There is a fee on my account that wasn't there before I paid for my groceries.,19
"I was charged a fee when withdrawing cash, can you explain why?",19
I was only given $20 when I tried to get $100,75
There are some payments with my card that I don't know where they are coming from. Just checked today and it's been since a couple days as well! What to I do? Can I revert this retrospectively? My card needs to be frozen immediately as well!,16
What do I do if my top-up has not gone through?,47
I just sent money but the person I sent it to doesn't see it. What happened?,66
"I bought a product a week ago, but may need to return it.",52
I haven't received the cash from the check I deposited.,6
Why is my purchase showing as pending?,45
Why did my top-up not work?,59
Why was money taken for a transfer?,64
I had a wrong fee charged at this ATM.,19
When I went to withdraw cash today the ATM gave me the wrong amount of cash. The app is showing a larger amount.,75
I've been trying to do a transfer multiple times and have failed? Is the system down?,35
Why did I get charged for a transfer?,64
"When I got cash, my exchange rate was off.",76
Why was I charged a fee for withdrawing money?,19
I want some extra physical cards.,39
I purchased something abroad but the exchange rate is incorrect.,17
I bought something online a week ago and i never got it in the mail.Can I just get my money back now I don't want to keep waiting on something that isn't going to show up.,52
How do I reactivate a card I thought I lost?,13
I accidentally made a transaction to the wrong account.,8
Can you tell me why my credit card was declined while trying to top-up?,59
Can I get a card if I don't reside in the UK?,24
"I prefer using Mastercard, can I substitute?",73
Is there a reason my refund isn't showing on my statement?,51
"My transfer went through, but it seems to be caught up in a pending status.  This was very important that it got done quickly, can you give me a status update on how long it will take?",48
The atm wouldn't give out cash,26
What is the $1 transaction on my account?,34
I don't recognize a purchase that was made with my card.,16
Can you tell me what countries you offer support for?,24
My payment is in the app but hasn't gone through yet,45
I got charged a service fee on my account. Can it be waived since I didn't know about it before?,15
"I just saw the exchange rate you use, but it's so bad that I can't believe that it's the official interbank exchange rate! Is this truly the official interbank exchange rate?",17
How long does it take for a money transfer to show?,48
An item I bought had the wrong exchange rate applied.,17
My top-up is still pending,47
"I noticed my card payment was cancelled, can you tell me why?",53
The wrong exchange rate was used for my cash withdrawal,76
The card payment I attempted to make failed.,25
"I already made a transfer and want to cancel it, how do I do that?",8
I made a transaction at an atm and was charged extra for it.,19
I put some money in my account the other day but now its gone? Why is this?,61
I sent money for my rent to my landlord but she is claiming it hasn't arrived in her account  Can you trace the transfer I made to make sure it arrived so I can provide proof I sent it and that it has been deposited?,66
There is a withdrawal that isn't mind in the app.,20
I was charged a fee for a transfer.,64
"If you to to account, hit activate, and follow the instructions, you can activate it in just a few seconds.",0
Can you look at my account ans see why my card was declined,25
The machine didn't work earlier when I went to get money out and now my account says transaction in progress.Why?,46
My statement doesn't show that a refund has processed,51
Can you elaborate on why I have an extra charge just for transferring?,64
Are visa and mastercard accepted,73
Why can't I get cash?,26
My refund is still pending,51
Why was I charged extra using my card?,15
"Transfers may show up as pending for up to one business day while they are processed, and then they'll depart for the beneficiary accounts. Please confirm that you have correctly entered your account details. SEPA transfers typically take up to two working days, while SWIFT transfers can take up to five working days.",48
I've been waiting for a refund where is it?,51
i live in portugal. do you operate here?,24
Why is this not letting me exchange crypto? I need help making this transaction go through.,7
Where is the money I put in the bank?,6
"This is frustrating, I'm at work and my transfers are not going through. I keep getting an error message, I do not have time for this.",7
Why did you charge me for a cash withdrawal?,19
Balance hasn't been updated following a cheque or cash deposit,6
Do you charge for sending more cards?,39
What extra charges are there?,64
How much is it to buy another card? I was hoping to buy another one.,39
How can I get money in my home currency while I'm traveling internationally? I wanted to take it out of a local ATM but am worried that I will get charged extra fees.,76
I thought you guys offered free transfers. Why was I charged?,64
THere is some cash that is showing up on my app.,20
The app isn't showing my transactions,66
Visa and Mastercard can both be received from you?,73
"When I was traveling abroad, the exchange rate was applied wrong.",17
I'm using the app and I noticed a payment that I didn't make.,16
"When I tried to transfer funds to my friend today I was unable to do so, why?",35
"Hello. I tried doing a topup and I thought it worked, but now the money is no longer in my account. Can you explain?",61
Why can't I top up?,59
i have not received my card,11
did not receive correct cash upon withdrawal,75
Will I be sent a new card before mine expires?,9
Something went wrong with my withdrawal. The amount of money isn't right.,75
I have been trying to make a transfer and it won't go through. I have checked all the receipts and its all correct but still won't let me do it.,27
What do I need for activation of my card?,0
Why is there a $1 charge on my statement?,34
i entered my pin in wrong and got it frozen. how many tries do i have,26
why was i charged a small amount,34
"After my checque or cash deposit, my balance didn't update.",6
What is the reason that my card payment was cancelled?,53
If I can't choose my card type will I be able to use it everywhere?,73
My account is showing a double charge.,63
How long until my friend receives my transaction?,66
My refund is missing from my statement.,51
Why is the cash not showing in my account for the check I deposited?,6
"I want to reactivate my card, I thought I had lost it but found it again this morning.",13
Please help me.  I am still waiting on a refund.,51
Why does my transfer say it is pending?,48
My transfer to a beneficiary was rejected.,7
Have you sent out my card yet?,11
Why is my card payment pending?,45
I was charged multiple times at the same location at the same time,63
Why did my top up not work?,59
My card did not go through in a shop,25
My recipient hasn't received the money,66
"I ordered something ages ago online but it's simply not arriving. I've got enough! Give me back my money, I'm not paying these people.",52
Why is my ATM cash withdrawal not working?,26
How can I get my money back for a payment i didnt make,28
My attempted transfer keeps kicking back with an error message.  Could you please help me to resolve this?,7
I didn't receive the right amount of cash back,75
"Hi, In morning, i was trying to withdraw money from my card, but it got declined. So far it was working fine. Could you please check my card.",26
Why am I missing my refund,51
Can I order a second card?,39
I live in the US but want to get a card,24
"My card expires soon, will you send me one automatically?",9
"I recently transferred some cash, but the balance has not changed.",5
Are refunds allowed for certain items.,52
I just got my new card.  How can I activate it?,0
How do I link a new card to an existing one?,13
I was charged the wing amount for an item.,17
Why is the pending status on my cash withdrawal taking so long?,46
Why was there a fee when I pulled cash?,19
"What stopped my transfer, from being accepted?",35
Can I have a supplementary card?,39
Please explain why my payment was declined? I thought everything was good.,25
why does the app show a direct debit payment that I did not authorize,28
"The transaction for the cash I pulled out of the ATM earlier is pending in the app, but how if I already have the cash?",46
"I tried to make a withdrawal from the ATM, but it was cancelled.",26
Could I get tracking on the card?,11
"I ordered a card a week ago, and it's still not here. What do I do?",11
"If the transfer details have already but reviewed and confirmed that they are correct, what other reason would cause my transfer to be declined?",27
"I went for a meal in Seattle and paid the bill but I think they charged me twice, the first time they swiped the card I got a notification to say the money had gone out the account but then I added a tip and I think they swiped it all again. Can you refund one of the charges?",63
"I tried using my card and it kept getting declined, Why?",25
Money was transferred to me and I am unable to see it,48
I have a transaction that shows several times,63
"My money is gone. I had topped up recently and saw it was there and went through, but now it's disappeared, what's going on?",61
What are the countries you support.,24
"It has been a couple of hours but I do not see my balance updated, can you help?",5
My credit card cancelled a payment for a purchase.,53
Looks like my top up failed.,59
How long will it take to activate my new card?,0
How do I know if my top up was unsuccessful?,59
I could not get the cash I wanted,75
My card payment was cancelled it seems.,53
My currency rate is inaccurate.,17
What do I do if I notice a strange withdrawl in my statement?,20
How do I link my card in the app.,13
Help me. My transfer was declined. How could this happen?,27
What may be the reason that my transfer did not go through?,35
I withdrew $100 but only received $20,75
I tryed to make a top-up with cryptocurrency but the payment was referted.,61
I have got out the wrong amount from an ATM. Please tell me the process to get the cash back as in app its showing the amount i have been actually received.,75
How do I get selected for a visa card?,73
I want to go back on what I did this morning,8
I need to cancel my recent transfer. I made a mistake. Please help quickly before the transfer goes through.,8
Reverted top up,61
I don't see a refund in my account.,51
I've been trying to make a transfer and it doesn't seem to be working. (5 times) What is wrong with your system?,35
I put money in my account a week ago but its still not there?? What happened to my money?,6
What are the reasons why a card payment would be declined?,25
How long does my top up pending last?,47
I am still waiting for a refund,51
"Do any of your machines provide cash from my home country? I don't have any money on me and I'm on holiday so I'm concerned. Also, will I be charged anything to do this?",76
Where do you support?,24
I was issued a new card a week ago but still haven't received it. How long will it be until I receive it?,11
Why are my withdrawals suddenly being declined?,26
Why isn't top-up working? My top-up money disappeared after I saw that it was successfully transferred. Is it gone? Where did it go?,61
How long will my transfer stay pending?,48
on my statement there is a payment that I don't recognise,16
"Hi, I am unable to see transaction in my account which i made couples of hours ago from my UK account. Please help me in this.",5
Is there a reason my transfer would have been declined?,27
My top up may have been reverted,61
Help me activate my card.,0
My money transfer hasn't appeared yet.,48
I want to have an item refunded can I do that?,52
How do I do a successful transfer to an account?,7
I sent some money but the intended recipient says it hasn't arrived,66
The refund isn't appearing in my account,51
How long does it take for a cheque to post to your account?,6
"Hi. I'm a new customer to your system and I think something isn't working right - or maybe it is. Maybe you can confirm. I tried to top up today (my first time ever) and it's been stuck at ""pending"" for over an hour now. Is it supposed to do this or is there something wrong in the system?",47
Why am I being charged when I withdraw cash?,19
I was informed that transfers were free. I noticed I have a fee but why?,64
"How much time do transfers take? I sent money to a friend who needs it fast. It's been hours, and the money has not gone through.",66
Why am i being double charged for something?,63
My transaction needs to be canceled.,8
totally unacceptable.  I'm stranded with no cash because the ATM wouldn't give me any money!,26
Is there a tracking number for the card you sent me?,11
My funds are not transferring to my bank. Why is this not working?,7
I would like my money back for an item I purchased,52
"The transfer keeps rejected, I tried to transfer some money to friends but it keeps getting rejected for some reason, Would you please check the issue?",35
I only got $20 of the $100 that I attempted to withdraw.,75
Why did the app deny my top up?,59
"I was charged extra when I made a cash withdraw, why?",19
The transfer I made isn't reflected in my balance,5
How long will a transfer be pending for?,48
Is there a fee when you pay with your card?,15
The right amount of cash was not sent to me.,75
"Hello, there seems to be a billing mistake associated with my account.  My app was charged $1 more than it should have.  Could you please explain why this may have happened?",34
Why was my payment declined? I keep trying my card but it's not working.,25
"When I received my cash, the exchange rate was wrong.",76
Why did you give me so little currency?,76
Why is there a charge when I took out money?,19
Where is the money that I asked for? I asked for more than I got!,75
"I just saw some charges on my card from the past days that I dont recognize, I need to freeze the card asap! Will I be able to get my money back?",16
It seems that something went wrong with my exchange. I changed Russian Ruble into UK pounds but have been charged entirely too much!,17
My money transfer has not yet occurred,48
May I have a second card?,39
I believe my card payment exchange rate is incorrect.,17
Can I receive a new card while I am in China?,9
how do i get a refund for a direct debit payment i didn't make,28
Can you tell me why my card keeps getting declined every time I try to use it?,25
What is this strange payment in my account?,16
I checked my statement and am being charged one pound. Where did this charge come from?,34
It looks like this week I was double charged for a couple things. Is there any way that you can look into this for me and return the double charged items back to my card?,63
How long does it take to authorise a payment?,45
"A cheque deposit hasn't posted to my account, when will my balance update?",6
How can I cancel a transfer I made,8
I needed $100 but all it gave me was $20.,75
A cash withdrawal has been done that I didn't do.,20
I had a duplicate card and got charged twice. How do I resolve this?,63
what do i need to have with me to activate card,0
I need this item refunded,52
The amount of cash I received did not match the amount I requested,75
I made a money transaction but the recipient can't see it,66
The ATM cancelled a transaction on me when I was trying to get some cash out.,26
I withdrew some cash and the exchange rate seems to be wrong.,76
Why is there a random payment in my statement?,16
Any chance of getting the card outside the UK?,24
My statement has not shown my refund.,51
I can't get the top-up to work! What's going on here.,59
How long is the wait for a money transfer to show up?,48
"Hi,  My money has not been credited to my account for which i have sent you cheque few days before. I am worried about the money please let me know the status.",6
"If I don't live in the UK, can I still get a card?",24
What is the reason my transfer was declined?,27
I didn't withdraw the amount of cash that is showing up in the app.,20
"I have one of your cards, but I don't know how to link it.",13
"I transferred my funds, why did it not go through?",35
I got 2 transfer fees and I thought transfers were free.,64
Can I reactivate a card?,13
I prefer mastercard.,73
Is it possible for a transaction to be cancelled?,8
After making a payment with my card it doesn't seem to have worked. It's just showing to be pending. When will this actually be going through?,45
Where do I go if I want to link my new card?,13
There is a cash withdrawal on my statement that I don't recognize,20
I need assistance addressing a direct debit that I did not do myself.,28
What are these fees i am paying?,15
My account shows that I made a cash withdrawal but I cannot remember doing so!,20
I was charged a fee with my cash withdrawal that I shouldn't have been charged.,19
Can you please explain why my beneficiary is not allowed?,7
The date my card expires is coming up,9
When will I see an updated balance after a transfer?,5
I see some fees for cash withdraw.,19
Why has my card been declined?,25
I have a transfer that is still pending.,48
The transfer I just made needs to be cancelled right now. It was my mistake. Please help me cancel it before it goes through!,8
"My top up has been pending for an hour already, and I really need this to go through as soon as possible.  Can you help?",47
"I saw money was taken out of my account by a seller a while back. I do not recognize the seller, but I'm pretty certain I didn't make that payment. Can you track who the seller is?",28
I tried to get cash in the ATM but it was not approved,26
"The ATM will not let me get cash, WHY?",26
My transaction from earlier needs to be reversed.,8
My transfer failed when I tried.,35
"I Submitted a cheque couple days ago, nothing happened to my account yet.Would you please check What could be the possible issue?",6
A payment in my account was made by someone I don't know,16
The balance hasn't changed yet after depositing a cheque with some money.,6
I noticed a duplicate charge on my statement.,63
"I want to reactivate my card, I thought I had lost it but I found it.",13
"I deposited some cash but it hasn't shown up in my account yet, what's going on?",6
"My top-up was supposed to be done, but now the money is gone! Is there a glitch in your system?",61
What are the rules for transferring to a beneficiary?,7
There is a duplicate charge on my account.,63
"My new card just arrived, how can I activate it?",0
Where is the transfer to my account that I made?,5
"I do not remember purchasing anything for 1£, and it is on my statement. Can you please tell me what that is about?",34
How much longer until I get my new card?,11
I wanted to take out $100 but I only got $20.,75
The transfer to my account was not allowed.,7
I believe my top up is still pending,47
Why wont the other bank take my money?? Is it not good enough?? There's sufficient funds but I keep getting denied a standard transfer. Ive tried 5 times!,35
"I am waiting patiently for a week now for the seller to get back to me and there has been no response, could you please help me further with getting my money back.  Thank you.",51
There's a refund missing from my statement,51
My statement shows different transaction times.,63
"I found my card, can I add it to the app?",13
How long do I need to wait to see an update after I make a bank transfer?,5
What is this fee showing up in my account for?,15
I don't recognize this withdrawal on my statement,20
Why did my top-up fail?,59
The wrong rate was applied to an item I bought in a currency different from mine. Can this be changed?,17
I tried activation my card and it didn't employment,0
I just saw a fee on my account. When do these get charged?,15
I want to cancel a transfer right away! Can you help?,8
I purchases several items today. Why are they still showing pending?,45
My account isn't showing the refund,51
Why was my card payment reverted?,53
Is there a reason my top up hasn't gone through,47
why was i chargged,64
tell me how to get a refund for something I bought.,52
Is my cash withdrawal pending?,46
Hello. Can you tell me if you use Visa or Mastercard?,73
Is there a reason for my top up to be cancelled?,61
Why hasn't my payment gone through yet?,45
What is the process to activate a card,0
Who do I call to activate my new card?,0
Help me.  There is a Direct Debit that I didn't make.,28
Do I need to do something to get a new card once it expires?,9
My transfer isn't in,66
"I am having trouble doing a transfer. A ""Decline "" message appears after making the transfer.",27
I paid two weeks ago and just got refunded,53
My balance doesn't include my latest transfer,5
"I didn't want to make a transaction, I want to revert it",8
I withdrew cash abroad and the exchange rate applied is wrong.,76
"The card I thought I lost was in my jacket pocket this morning, so can I reactivate that?",13
It appears my transfer was declined.,27
The exchange rate was wrong in the foreign country I got cash in.,76
Why did it cost money to transfer funds?,64
My payment has not been accepted.,53
Can I get a Visa instead of a MasterCard?,73
Where is my new card? I have been waiting a week!,11
"Declined, transfer not completed.",27
I had transferred some money but the balance hasn't changed.,5
I updated by balance with a cheque yesterday but it isn't showing on my account. Did something go wrong?,6
"I've been waiting a while for my card, is there a way to know when it will arrive?",11
I wasn't applied the correct exchange rate for an item I bought,17
I am having problems with a top-up.,59
I tried to buy something online yesterday but it kept saying declined. Tried again today but same thing happened. What's wrong?,27
How do I fix a payment that was reverted,53
I don't know where this transaction came from?,16
What is needed to activate my card?,0
Why did I get charged when getting cash?,19
"My top up hasn't gone through yet, why?",47
My card needs to be activated asap,0
What steps do I need to get another card?,39
How can I check if I have received a refund if it is not yet on my statement?,51
"I am interested in giving a second card to my daughter, how can I make this happen?",39
My app statement shows I took out cash from an ATM but I did not. What can I do?,20
I am still currently waiting for the cash that has been deposited into the account this morning.,6
Why would my card payment be reverted?,53
"How long is a top up supposed to be pending, because an hour is too long! Can you fix this to go through?",47
I made a transfer 12 hours ago. Why is it still listed as pending?,48
There is a problem with my card. Somebody has removed money from my account in a town I haven't been to. Can you please freeze my account immediately?,20
Why is my cash withdrawal pending?,46
Why can't I complete my transfer?,35
"I made a purchase this morning, and it is showing as pending.",45
how long do money transfers take?,66
why was my transfer declined,27
Is it possible to get one of your cards in the European Union?,24
HELP. My account has been deducted already and the Seller says they haven't received the money yet? When can they expect it?,53
The ATM is showing it gave me the money I requested but I didn't get that amount.,75
How do I get a card in the EU?,24
Can I get a second card for free?,39
How long with my cash withdrawal stay pending for?,46
What's up with the extra fee I got?,19
"I got a message saying I made a withdrawal from the bank machine, but I did not.",20
I put some cash into my account but it's not displaying that on my balance.,6
Why is there a fee associated with card use?,15
I made a deposit this morning but it is still pending?,6
would a visa or mastercard be more suited to me?,73
How was I charged extra when I used my card to pay?,15
"My card keeps getting declined when I try to use it.  I would like to top-up, but it is not going though.",59
I am having to wait for my transfer to be fully processed. It seems to be taking a very long time in the pending phase. What is the normal turn around time that I can expect to see it completed?,48
The transfer to my beneficiary has not gone through,7
How do I query a payment on my card? It looks like I have paid for the same thing twice.,63
How long does it take for a bank transfer to show on my balance?,5
How do I go about ordering a new bank card?,9
How can I make my card show up in the app?,13
Why is my top-up showing as reverted?,61
"My top up did not show up as shown and my money has disappeared, can you help me fix this glitch problem?",61
There are a couple payments with my card in the app I see that I didn't create. What is happening? Maybe someone gained access to my account.,16
Why did the funds not transfer to another recipient?,66
I don't know what pending transaction means.,45
I did a topup successfully but its not showing in balance. I think there is some problem in system.,61
After my card expires what should I do?,9
Could you please put a freeze on my card?  There are some payments on it that I don't know where they came from.,16
"I made a transfer and the receiver said an amount was received, but not exactly the same as the right amount. I now have to transfer more to get the remainder to the receiver. Can you alert me about this. What's been happening?",64
I see an unfamiliar payment on my statement.,16
What do I do if there is an electronic debit that is not correct?,28
Tell me why there is a fee for a card payment.,15
Do you support top ups?,61
"Hi, My card withdrawal was declined this morning. It was working fine till yesterday. Please check and inform me.",26
A direct debit payment that I didn't authorise shows up in my app.,28
I made a purchase recently but I have decided that I'm not buying it and I need to receive my money back. Can you please give me a refund ASAP. It's extremely urgent.,52
Why did you decline my transfer?,27
Will I get extra charges?,64
I have paid by my card but payment is still its coming as pending. I think there is some issue please check and let me know when the status will complete.,45
"How can I get a new card ASAP to replace an old, soon to expire one?",9
help me with my transfer,35
Why have I been charged twice?,63
I thought it was free to make a withdrawal. So how much does it cost now?,19
Can I transfer money to a beneficiery?,7
"On my transfer there was a ""decline"" message",27
I see a charge of 1L I do not recognize on my statement,34
What does the decline message mean,27
"I tried to buy something and it was declined and my transfers keep getting declined, Why?",27
"Why did I get charged for something I bought online? Even though it was international, I thought it would be covered.",64
My card expires soon,9
I am not able to make a purchase because there is an issue with my card,53
I see a fee that I think was charged because I paid by card.,15
A payment on my statement is wrong.,16
Why is it taking so long for my cash withdrawal to no longer show as pending?,46
I am trying to revert a transcation I did this morning,8
I refilled my account balance but got an error message.,61
There is a potentially fraudulent direct debit on my account.,28
I did a transfer but its still pending,48
I'm really upset because I made a typo during a transfer and now I've sent money to the wrong account.  I can't fix this with the app.  Please help me immediately!,8
My balance didn't change after I transferred some money.,5
I'm wondering how long it takes for my money to get to me after a bank transfer.,5
I'm supposed to have a refund but it isn't there,51
I would like to cancel a purchase.,52
I need to know the time frame that is typical for a transfer from a UK account. I just made a transfer and it doesn't appear. I want to make sure everything is okay.,5
I don't recognize this payment,16
Can I cancel my transaction?,8
"I transferred money yesterday, but it still isn't available?",48
What is taking so long with my top up?,47
I tried to top up with my card but it's not working. I had just done this a couple days previously and it worked. Can you tell me what's going on here please?,59
how long are my top ups pending,47
How will I know when I get my refund?,51
An overseas cash transfer did not work correctly,76
"I am looking to get a Visa credit card, what must I do to achieve this?",73
A transaction is showing more than once.,63
I was supposed to get a refund but it is not showing up on my card,51
I bought something in a foreign currency but the rate applied is wrong!,17
I'm on holiday and I noticed a different amount for exchange rate.  Can you explain?,17
"The exchange rate given to me wasn't correct, after i purchased an item",17
"I just got a new card, and I want to know how to activate.",0
"I have my residency in the US, but I would love to get a card.",24
The app is showing mt withdrawals that aren't  mine.,20
I want to link my new card. Can you help?,13
I did not get the cash that is showing up in my app.,20
My account was charged a debit payment I don't recognize.,28
My automatic top-up was unsuccessful,61
"I want to get a new card before my current one expires, how much will it cost me and how long will it take to get here.",9
Why has my card payment been cancelled?,53
"Can anyone help me, I lost my wallet and they've started withdrawing from my account.",20
Why am I charged a fee for withdrawing cash?,19
I haven't yet received money that I transferred,5
Why isn't my balance updating?  I did a bank transfer and it isn't current.,5
I made a withdraw from the ATM this past holiday and it seems like a was charged too much. If I would have   known about these charges I wouldn't have made a withdraw.,76
Why is my top up still pending?,47
I have a pending transaction in my app. How is it still pending if I pulled the cash out from the ATM earlier?,46
Why haven't I seen the cash from the cheque I deposited yet?,6
Why was I charged a fee for my card payment?,15
I was mistakenly charged a fee for using my card.,15
Why am I being charged certain fees? I noticed a fee after I withdrew some money for groceries earlier today.,19
There seems to be a couple of payments listed in the app I know weren't made by me. Is there a possibility someone has access to my card? Can you find out what's going on?,16
My account balance doesn't reflect an update I made by cheque yesterday. Is something wrong or is the system slow?,6
I can't withdraw any money from my account. Ive tried a couple different ATM machines and both of them wouldn't give me my money. What's going on? Is my account frozen or something?,26
I made a cash withdrawal earlier and it's showing as pending.  What does that mean?,46
My top-up didn't go through,59
I got charged fees for withdrawing cash!,19
I don't live in the UK.  Can I still get a card?,24
What is the cost and time frame of getting a new card?,9
I made a transfer from France two days ago now but there hasn't made it there yet. Do international transfers take longer?,5
Why can't I withdraw money?,26
want a new card what are the fees,9
Why won't my card show up on the app?,13
How long before a bank transfer shows up in the account?,5
What is this extra fee?,15
There is a payment on my card that I do not recognize.  I've never seen the name on the transaction before.,16
I need information about an extra €1 fee in my statement.,34
"I tried to get money out of the Notting Hill ATM earlier, but wasn't able to. Is my card working okay? It's the first time I tried using it.",26
What do I need to do to request cash back? The ATM actually just gave me the wrong amount. The app I actually chose the right amount.,75
Why am I seeing a transfer fee on my bank statement?,64
Why hasn't my return cleared my account?,51
There is a Direct Debit that I don't recognize.,28
What happens with the duplicate charge in my account?,63
The app says I got cash from an ATM but I didn't,20
I went tot the ATM earlier today and didn't realize this till now but I did not get all the money I requested.  I believe my account was charged for 100 but I only got 80.  Is there any way we can solve this problem?,75
"Can my daughter also have a card issued in her name, but linked to my account?",39
Why did I not get all the cash I asked for?,75
I ordered my card 2 weeks ago and it still isn't here? What do I do?,11
Card refund is not showing up in my statement.,51
In the App I see a payment that is not mine.,16
Are there ATM fees?,19
I am in the EU. Can I get one of your cards?,24
Why didn't the money I transferred into my account get added to my balance?,5
Will I need a new card or can I put my old card back into the app?,13
The app is showing a direct debit transaction that I did not perform,28
Has my card been lost in delivery?,11
There appears to have been a reversion in my top up,61
Why do some of my payments have fees?  I don't understand.,15
How come my refund hasn't appeared on my statement?,51
"help, I see money missing I didn't take out.",20
How do I apply for a refund?,52
There is a mysterious debit transaction on my statement,28
how long should i expect to wait when i add money,47
I don't know if I made this payment on my card.,16
"I was out today looking forward to paying with my brand new card, turns out the payment just kept getting declined. This is pretty sad, what's going on?",25
Why is my exchange rate wrong?,17
Is there a fee for transferring money,64
I need to get some more physical cards.,39
I would like to return my purchases,52
I made a purchase and was charged at the wrong foreign exchange rate.,17
Why has my card been charged an extra pound?,34
"Hi, I was at a restaurant later the week and when I went to look at my account I noticed that I got charged twice. I would like to get my money back from one of those transactions.",63
How long does it take for a top-up?,47
Why are all my card payments being declined?,25
Cash withdrawal still pending?,46
"I was wondering why my payment hasn't gone through yet, its been a while.",45
My credit card transaction was declined for a loan payment.  Can you tell me why?,59
Why is my ATM cash withdrawal showing up as a pending transaction?,46
Why is the fee for taking money out so high?  I feel I was overcharged and I would have never used this ATM if I would have known ahead of time.,76
Why does my transfer still say it is pending?,48
I noticed the currency exchange rate was incorrect after paying for something in a foreign country.,17
Explain why my top up would be reverted.,61
Please help me!  I need to cancel a transaction.,8
The ATM keeps declining my card. I tried at a couple different ATMs. Can you tell me if there's a problem with my account?,26
My money hasn't been deposited yet. When will it be?,47
I don't recognize a debit payment that was made and would like to find out about the payment.,28
How long does it take for money to transfer?,5
There was a purchase on my card recently to a name that I don't recognize at all. What can be done about this? I need my money back.,16
"My card payment reverted back, I think.",53
I want to cancel a purchase,52
My card payment might have been reverted.,53
I would like to cancel my order.,52
I received a decline message on a transfer,27
My transfer has been pending for a long time now. I already double checked my account info and it is correct. Why is it taking so long in 2018 to transfer money?,48
I need to cancel a purchase that I made the other day.,52
I would like to cancel a transfer,8
I made an online purchase and the order has not shown up. Give me my money back.,52
Why was my transfer charged a fee?,64
"I'm waiting on a top-up, its still pending",47
Someone has taken my money and I don't know who,28
How much do I have to pay if I want to transfer money?,64
Why was I charged extra on my app?,34
Where did my money go? I'm not able to withdraw it from my ATM.,26
If I make a mistake can I cancel the transaction?,8
What can I expect at card expiration?,9
I just moved to the US how do I get a card?,24
Do you know why my card payment is declined?,25
What countries are you supporting?,24
How long will it take to receive my money from my transfer transaction?,66
There is a direct debit payment I don't recognize.,28
"Cash withdrawal has been pending, why is it so?",46
How do I cancel my transfer?,8
I swear that there are 2 payments on the app that I didn't make.  Could my card me stolen?  Please advise what I should do.,16
There are a few payments in the app that I didn't make! Does someone else have my card?  What should I do?,16
i havent got my card,11
"I attempted to top up my car today, it failed! I just got it a couple of days before and it worked then. What is going on with it?",59
I see my transfer was declined.,27
My account balance has not updated since I deposited a cheque recently.,6
when will my transfer arrive,66
I got less cash at the ATM than I asked for. Why?,75
My top-up appears to be pending.,47
Some cash withdrawal that I didn't make showed up in the app.,20
Can I link your physical card,13
Can you let me know if Visa is among the card scheme assignments?,73
why do I have an unknown payment?,16
Im waiting for my transaction to go through.,66
Tell me why my transfer was declined.,27
Where is the money that I transferred.,5
I made a purchase and it says it's pending. What does that mean?,45
Would it be possible to get another card?,39
A transfer to my account shows as still pending and I wanted to know how long it is suppose to take to clear.,48
Can you tell me when my money transfer will go through,48
Is there any way to know how the transaction got on my account?,16
I tried to buy something online but my funds were transferred back to my account. What is happening?,53
"I noticed a fee, while banking abroad, that seems different than any I have been charged before. What does this fee mean?",64
Why does my account show as pending a cash withdrawal from the ATM that I have already made?,46
The wrong exchange rate was used when I purchased an item.,17
"Okay, I found my card, can I put it back in the app?",13
Can you explain why my payment was charged a fee?,15
I hope to get a Visa card,73
I would like to cancel my previous transaction,8
Why are you charging me fees for using my card?,15
"Why do you keep declining my transfers? It's been working well so far, but when I just tried to buy something, the card got declined. I tried it a few times, but same thing happened every try.",27
Can you please explain why my transfer failed?,35
Why didn't I receive the correct exchange rate for an item that I purchased?,17
"I have checked the account information several times to be sure that it is correct, but the in country transfer I did a few days ago still has not appeared! What is the hold up?",66
"It says that my payment is pending, what does that mean?",45
I recently deposited a cheque and cannot find the cash from it.,6
I purchased something in a foreign currency but the rate applied is wrong,17
I think the top up failed,59
Are you available in my country?,24
I need to freeze my card. There are charges on there that i did not authorize. They've been coming out for a couple of days. Can i get this money back?,16
how long will my cash withdrawal be pending for?,46
One of my transactions needs to be canceled.,8
I received incorrect amount of cash from an ATM today. It was more than I wanted. What do I do now?,75
Why can I not take out cash?,26
Please give me both a visa and a mastercard.,73
I sent my friend some money a few hours ago but she has not received it yet. She really needs it. How long does this take?,66
"I purchased something while traveling, and the exchange rate applied was wrong.",17
How do I select a Mastercard instead of a Visa?,73
Why would a cash withdrawal be pending?,46
"I am a new customer, and I happened to look at my app and there is a charge I am not familiar with.  Could you tell me why the extra charge is there?",34
I need a few more physical cards.,39
Why cant I send money to a beneficiary?,7
I'd like to order another card,39
When does a UK transfer show up?,5
There is a payment that has not processed.,45
I got charged twice for the same payment. Please removed the pending payment. Thank you.,63
Help me cancel a transfer.,8
Why did the top-up fail?,59
"The exchange rate given to me after a purchase, was incorrect",17
How can I get the cash deposit to show up on my account?,6
Why can't I transfer to a beneficiary?,7
Why isn't my card working? I was pumped to use my new card but it keeps getting declined. Help please.,25
I haven't received money from a transfer?,66
"I've tried many times to make a payment, but it's not going through.  What's wrong?",25
"Hello, i just checked my statement and there seems to be a payment from my card that I have never seen before.",16
My credit card was just denied for top up! Can you tell me why this happened and what's going on?,59
Why was a fee charged to me for transferring money?,64
I paid with my card and I was charged a fee,15
"When my card expires soon, how fast is the replacement card sent and what are the costs?",9
Where is my recent refund in the my statement?,51
"I keep trying to make a payment, but it doesn't work.",25
I deposited cash into my account and I'm having trouble seeing it on my account.,6
"My top-up failed, WHY?",59
Where can I check to see if there will be a fee added to my payment? Are there specific instances that will result in a fee added?,15
why can't my beneficiary make transactions?,7
"I'm going on holiday to France for 6 weeks with my family and the cat, Fluffy.  I just purchased €10,000 from a currency exchange to ensure we don't run short but there appears to be a fee.  What is this for?",15
Can you show me where to link the new card?,13
A transaction is repeated several times on my account.,63
"How long does it take to activate the card, as it does not look like its working?",0
IM still waiting for my account to update from a cash deposit?,6
I was charged twice for the same thing.,63
My client was converting their Russian ruble into UK pound currency when they noticed their bill was much too high for the exchange. What happened?,17
Is there a reason my payment is still pending?,45
I need to find out why my transfer didn't get there.,66
How can I see the progress of delivery of the card that was sent?,11
My wallet was just stolen and I see my account already has a withdrawal. Can you please help me.,20
The refund I asked for isn't showing up,51
A card payment on my account is shown as pending.,45
I want to return an item for a refund can I do that?,52
How long does a check take to show up in the account balance?,6
Why can't I see a recent refund in my statement?,51
Can I track the card that was just sent to me?,11
I believe my card has been compromised as there are funds showing that I did not receive.,20
Why was my withdrawal declined,26
I couldn't transfer money to a beneficiery,7
How are cash withdrawals pending?,46
I exchanged cash when traveling and the rate was incorrect.,76
I submitted my transfer but it has been pending for quite a while and I was wondering what takes so long? why hasn't it completed,48
I finished my transfer. I am having an issue with it still pending. It has been a long time and i'm growing impatient,48
I have a fee and I don't know why,15
Your exchange rate was off.  I was charged extra on my payment that I made last Saturday.,17
Why am I being charged for transfers? Are they not free?,64
I am seeing in the App a some cash withdrawal that does not belong to me,20
Why is your exchange rate for my card payment wrong,17
There was an error in exchange rate for my cash withdrawal,76
how to track the card you sent,11
Is there a problem with the payment that I see is still pending?,45
Is there a cash withdrawal fee? Because I just got charged?,19
I got my new card where do I go to activate it?,0
Can you tell me what is wrong ? I top-up with you all the time but this time it just shows my top-up as pending. What is happening?,47
"daughter needs card, how do i add her",39
I got charged two times for a transaction,63
"I Submitted a cheque couple of days ago, nothing happened to my account yet.What could be the possible issue?",6
how come my transfer declined,27
I just made a transfer from France 2 days ago. It has not yet reached my bank. Is it possible it takes longer because it was an international transfer?,5
How do I go about activating my new card?,0
The top-up is pending.,47
"I don't see my refund money yet in my account. I asked the merchant a while ago for a refund, so I don't know what's taking so long.  Can you look into it and see if the money is there, just not in my account yet?",51
Will my new card work outside of the EU?,24
Is there a charge for cash withdrawals? I always thought it was free.,19
Why is there are there two of the same transaction?,63
I am chatting about an order from a long while back.  I never got it to this day and am deeply upset by this!  I want all of my money back!  I just can not accept paying for something I never got.,52
Is the system down? I've been trying to do a transfer and have failed?,35
Why did you charge me extra when I withdrew cash?,19
What's the card you sent me's tracking number?,11
"My mother deposited a cheque into my account last week, why is it still not showing up?",6
I bought this item and was charged the wrong amount can I get a refund?,52
"I deposited a check, but haven't received the funds for it.",6
There is a payment I don't recognise!,28
I messed up and made a transaction using the wrong account.,8
"I need an accurate exchange rate, when I make my withdrawals.",76
Who should I talk to or go to resolve a duplicate charge on my statement?,63
Can I put my old card back into the system? I just found it/,13
There is a refund missing.,51
The app is showing that I received alot more money than I actually received from the ATM. This occurred earlier today.,75
"I made a transfer and the receiver said an amount was received, but less than the right amount. I now have to transfer more to get the remainder to the receiver. Can you tell me about this. What's been going on?",64
I didn't make this payment!,16
Why aren't my payment funds available to me?,45
pending transaction?,45
I went to the Notting Hill ATM to use my card the first time for a cash withdrawal but it didn't work. Does this mean that my card isn't working yet?,26
How can I check on the delivery status of my card?,11
I asked for a refund but its not here yet,51
The withdrawal was declined I am unsure as to why this happened?,26
What countries do you support?,24
Why was a fee added to my bill when I used my card?,15
How long will it take for me to get my card?,11
Which countries do you work with?,24
I think I got charged twice for the same thing,63
I am unable to transfer money. I believe it is not working because it states it was declined.,27
There is a pending payment on my account that is very strange. I don't remember making this and it won't go away. Can you help me figure this out?,34
How do I verify my new card?,0
"A WD was just made on my account, but it was not me and I still have my card.  What to do?",20
Why is the app showing a still pending message on a withdraw that has already been done?,46
how do i get a card if i am in the usa,24
"I deposited cash into my account, why do I not see it?",6
Transfer could not be completed due to being declined.,27
I tried to send someone money but they haven't received it.,66
Why am I being declined?,25
Why i'm I being charged an extra pound,34
There is an ATM withdrawl in the app I don't recognize.,20
My top up is incomplete.,47
How do I add the card to my account?,13
Why won't you let me name X as a beneficiary?,7
when should I receive my refund,51
I'd like to have another card,39
"Help, the ATM didn't give me all the money I requested",75
Why was one of my transfers declined?,27
I tried to do a transfer and it's saying it declined.,27
"A 500 pound cash withdrawal was just made from my account, but I didn't make it. I am pretty sure my card has been compromised - can you help me?",20
"I was abroad and needed some cash, but I think the wrong exchange rate was applied to the transaction.",76
"Please help me with the amount that i have withdrawn from the ATM today, the ATM has given me wrong sum of amount, and i could see that the app is displaying the greater amount than taken out.",75
"It seems like I have been waiting forever for this international transfer. Why is it taking so long? C'mon, it's 2018, things happen at a click of a button. All of the account information is correct, so how long will this take?",48
"Hi, I tried to top up my card today and it did not work. I have tried it in the past and it worked just fine but it won't do it anymore. Can you help me out?",59
"Hi, I have been transferring money to my friends since morning, but all my transactions were getting failed. Can you please look into this issue.",35
How do I replace my card?,9
I would like an extra card.,39
I took out a foreign currency and the exchange rate is wrong.,76
It does not appear that my message went through.,59
A fee came along with me paying with card,15
"If my cash withdrawal is still not showing, is something wrong?",46
Balance hasn't been updated following a bank transfer,5
what is the matter?,28
Why did I get a different card then requested?,73
My transfers are being declined. IT has always worked for me but now it's declining my card. I've tried several times.,27
Is there a charge for getting more cards?,39
Why do you charge for payments? Why aren't your charges clearly laid out in the agreement?,15
I was charged an extra fee for a card payment. I was unaware of these fees beforehand.,15
"The expiration date for my card is coming up, how do I get a new card?",9
Can I request a refund,52
I received my new card.  Where is it in the app?,13
I just got my card and cannot get it to work.,0
My card payment didn't go through.,25
Why was I chaged twice for the same thing?,63
"I transferred money to a receiver within the EU and they received a lesser amount than expected.  Now I will have to send additional money to the receiver in order to make up the difference.  I'm not sure what went wrong, can you please advise?",64
I completed a payment with my card a while ago. It's still showing up as pending. What time frame does this normally take? It doesn't appear to have worked.,45
What happens when my card expires?,9
"my balance has not changed, despite depositing a cheque",6
What was the issue with my topping up?,59
Why was I charged for a cash withdrawal at the ATM?,19
"Show me how to link the new card,",13
I am confused about your fee structure and was disappointed to see a fee for my transfer.,64
Payment I did not make.,16
My top-up seems to be pending for a long time?,47
Can I have a card after my first one?,39
I want a mastercard,73
Why did my top up get reverted?,61
Why were there additional charges when I transferred funds?,64
My transfer was declined,27
How can I the person see my money transaction?,66
Is it possible to give a second card from my account to my daughter?,39
Why is my beneficiary being denies?,7
"I was out today looking forward to pay with my new card, turns out the payment just kept getting declined. This is really sad, what's going on?",25
I bough an item and the exchange rate was incorrect.,17
Was my transaction reverted with my card?,53
When will the transaction be done?,66
There is an odd payment in my statement,16
I found my card! Can I link it back into the app?,13
"I've just made a money transfer to the wrong account, I need to stop the money from being moved as it may be going to someone I don't know.  Please can you help?",8
"One of my charges was declined, but the second one went through.  But I notice on my App that one of them has gone through, and the other one is still pending.  Please ensure that only one charge is processed. Thanks",63
What's the time frame normally for a UK account transfer? I just made one and it's not showing up anywhere. I want to be sure that everything is good.,5
A cash withdrawal that I didn't authorize is shown on my account - can you please cancel my card as soon as possible?,20
Why was I denied the option to transfer money to a selected beneficiary?,7
Why is my top-up still pending?,47
Why is the exchange rate on my card payment different than I expected?,17
My card hasn't arrived in the mail yet. I ordered it two weeks ago. What can I do?,11
How long do I have  to wait for my transaction to be completed?,66
what is the exchange rate when i get cash,76
Is it possible to get both a Visa and a Mastercard?,73
Why am I charged a fee for using my card on some purchases?,15
My new card isn't here and it was issued a week ago.,11
I made a payment but it was returned.,53
Why was I charged a fee for a transfer?,64
I was charged an extra pound for no reason. Why is that?,34
I made an error in payment yesterday and I need it fixed asap because it's for my rent tomorrow.,8
I bought something and now I want a refund.,52
My card is no longer lost. How do I enter it back into the app?,13
How come my cash deposit is not showing up. This can't be right. There must be some mistake. Where did my cash go. You better not have lost it as I need this money asap.,6
Why did the bank reject my transfer?,35
I used an ATM and there was an extra charge.,19
I would like to apply for a visa card.,73
My card payment has been declined,25
Can an American resident apply to get a card?,24
Is it possible for me to track the card is was mailed to me?,11
Someone needs to make me aware when there are extra charges for payments. I happened to be looking at the app earlier and noticed a charge associated to a payment that was extra that no one made me aware of before at all.,15
"Why are you charging for cash withdrawals? I went to withdraw some money earlier today after getting my groceries, and it appears there is a fee that wasn't there before",19
I requested a refund but am unable to see it in my account. Why is that?,51
How much does it cost for additional cards?,39
My card shows a cash withdrawal I don't recognize.,20
There's an unauthorized direct debit in my app.,28
"I need help to resolve mix up on my card payment. My account shows the money was taken out and then put back in the account. Then I received a message from the seller, It said that they did not get my payment.",53
I checked my account and see that funds were deducted from a seller I didn't approve of. Can you help me understand?,28
The exchange rate applied was incorrect when I was traveling outside the country.,76
the conversion value for my card payments is incorrect.,17
"Pending still shows on this transfer, why?",48
What do I do if I see a cash withdrawal on my account that I don't remember making?,20
What are the available cards?,73
Can I order another card?,39
This isn't fair! I thought transfers could be made for free. I just made  a purchase online from abroad and now see some strange fee that I've never seen before.,64
I didn't initiate a direct debit that I see on my account,28
What caused my cash withdrawal to be declined?,26
Why is my withdrawal still pending?,46
Is there a problem with my account? When I tried to withdraw cash at an ATM I was denied.,26
is it ok if i use both visa and mastercard,73
"I deposited a check yesterday and Im not seeing it in my account. i need the money, is there something wrong with my account? check it out please",6
Can I have a Visa card?,73
"I got some cash at an ATM earlier, but now app is showing that I withdrew more than I did.  Help!",75
"Why do I get charged additional fees on some payments, but not others?",15
How would I go about getting a second card?,39
"I want to give a second card for this account to my daughter, would this be possible?",39
I think the bank made a mistake on the exchange rates,76
"I could not get a top-up to work, why?",59
Why didn't my friend's transaction arrive yet?,66
I would like to link my card to my account.,13
My top is still pending.,47
"My top-up was reverted, why did this happen?",61
I made a transfer and was charged extra. Why?,64
What information do I need to gather in order to activate my card?,0
I received the wrong amount of cash.,75
Why would I be charged an extra fee while doing a transfer?,64
I am trying to complete a transfer but I keep getting an error message.,7
I got cash abroad and need to check the exchange rate,76
"How long does a transfer from a UK account take? I just made one and it doesn't seem to be working, wondering if everything is okay",5
I don't understand where this charge came from.,16
Can I add a card that I just found (again) to the app?,13
How long for money transfer to show?,48
Can you check the exchange rate on a cash transaction I did overseas,76
"Could you please check one of my transfer which i made few hours ago from my UK bank account, as its not showing yet.",5
How long will my top-up be pending?,47
When will my transfer come through?,5
There are two of the same charges on my account.,63
Do you send duplicate cards?,39
Can you give me info about what to do when my card expires?,9
Why are you charging fees on cash withdrawals? I went to withdraw some money earlier today after buying groceries. There's a fee that wasn't there before.,19
"Could I reactivate my card please, I couldn't find it but it turns out it was in my jacket pocket.",13
I bought something and already paid for it but now I don't see it.,53
Please explain the charge of 1L in error.  I have purchased nothing in this amount.,34
"I needed to send my friends some money urgently.  I tried multiple times to transfer the money this morning, but the transfer keeps failing.  Can you tell me why the transfer is getting rejected?",35
I noticed a different charge while I was taking my money out.,19
I couldnt transfer money from my account.,35
I should have received a refund however it is not showing on my statement,51
How come there is a $1 extra charge on my statement?,34
"Why did the person I transferred money to not receive the correct amount? What should I do to get them the right amount, do I have to transfer more money to them?",64
Help me access the card I already got so I can information from it.,13
Help me cancel a transaction.,8
"Hello, I am a new customer, and just tried topping up for the first time. According to your information, the transaction should be instant - why does it still show as pending?",47
If I need more than cards will I have to pay a fee to receive them?,39
Can you tell me why I haven't received my new card yet?,11
The exchange rate for my cash withdrawal was incorrect,76
Did a WD earlier at an ATM.  The amount showing in the App is more than I got though.,75
I was making a purchase and it was declined and I wanted to know why.,27
I was expecting my new card and am wondering why I haven't received it yet?,11
Why is there a fee for cash withdrawal?,19
Why can't I transfer money to a beneficiery?,7
"My transfer failed, why did that happen?",35
What's going on with my balance? Shouldn't it be a bit higher since I deposited a cheque a day ago?,6
I did a card payment but its status is still coming as pending. Please check and inform when it would complete.,45
why was i charged a fee to transfer,64
"There is a fee for a transfer, please explain that to me.",64
I was unable to transfer money to a beneficiary.,7
Where is the transfer that I did?,5
My card payment doesn't work.,25
I tried to buy something online yesterday and got a message saying declined. I tried again today and got the same message. What's the problem?,27
My transfer has been declined and I know it should have went through.,27
My top up did not complete.,47
I hope you can help me. My account has been compromised from a different town that I haven't been to. Can you please place a hold on my account until I can make it to the bank?,20
Why is my top-up pending?,47
No refund showing in my statement.,51
what are the steps to activate my card?,0
Why is your exchange rate so bad?,17
I was overcharged one extra pound!,34
I would like more physical cards,39
I see a direct debit transaction that I didn't make.,28
I haven't received my card.,11
Can you help me figure out what's happening? I'm trying to transfer money to a friend but it keeps getting returned. I'm not sure what i'm doing wrong.,35
Is there a way to revert a transaction?,8
Why is there a fee on a card payment?,15
Card payment didn't go through.,25
Why did I get declined during a transfer?,27
Can I tell if my top off didn't work?  It doesn't seem to have.,59
I transferred some money but it hasn't arrived.,66
"If I see a payment in the app that I don't recognize, what should I do?",16
I don't understand where this debit came from and want it removed.,28
Can I order a new card to China?,9
"I have been waiting longer than expected for my bank card, could you provide information on when it will arrive?",11
I need a refund on an item I have not received.  Am I able to simply cancel the payment?  I don't know how to do this.,52
what is the correct exchange rate for getting cash,76
What's the right way to activate my card?,0
When my card expires do you send a new card?,9
My card is about to expire. What do I need to do to keep using my card?,9
I ordered something online a while ago and I haven't gotten it. I would like a refund.,52
How many cards can I have?,39
Why would there be a payment on my account I don't recognize?,16
There is a cash withdrawal from an ATM listed but I don't remember making this withdrawal.,20
Am I allowed to transfer money to a beneficiary?,7
Is there a way to link cards if I have one of yours?,13
Why would my payment for my card show as pending?,45
Why is there an extra charge for money that was withdrawn?,19
Still waiting on my refund...,51
I want to apply for a Visa card.,73
My card couldn't pay in a shop.,25
I wish to cancel a transfer,8
How can I make my card ready to use?,0
When will my transfer go through?,48
what are the exchange rates for getting cash,76
How do I get my card on the app?,13
I made a payment with my card and it hasn't changed. How long do you think this will take?,45
"I deposited some money, but the balance has not changed.",6
My card hasn't came in the mail yet?,11
"My account shows I have been charged twice for the same meal. How do I get the second payment voided and returned to me? I do not eat out much and my family is living paycheck to paycheck,  mostly. I cannot afford to spend more money than necessary, as is, so I must see to it that the cost be promptly credited back onto my card.",63
There's an error in regards to the exchange rate for an item I bought.,17
I tried pulling out money at the ATM and it gave me an incorrect amount back.,75
Would I be able to get a refund for something I bought?,52
Why do I have two charges It should only be one charge?,63
Is there a way to track the new card you sent me?,11
How is my ATM deposit not available yet?,46
What is the procedure for getting another card?,39
Why was my transfer stopped ?,7
I recently made a transfer that I would like to cancel,8
I didn't cancel my top-up.,61
Are you ripping people off with the exchange rate?  It can't be that atrocious between banks.,17
I need to know where this charge is coming from?,16
Can I return an item?,52
Is my card ready for use or does it need activated and if so how?,0
"I get a ""decline"" message when doing a transfer",27
Why was I not able to take cash from the ATM?,26
I AM MISSING CASH FROM MY BANK ACCOUNT ACCORDING TO MY APP,20
Where did my extra fee for the transfer come from?,64
I want to return an item.,52
I haven't used my card all day but there is a payment showing in the app. Please cancel it!,28
Can i cancel a charge?,8
I anticipate getting a Visa card,73
is there a way to fix my top up,59
"While abroad I got cash, and a wrong exchange rate was applied.",76
I'm not recognizing the card payment.,16
A payment I made is for a wrong amount can you help me correct the mistake.,8
If I have a credit card with you how I get set up to link to it?,13
I transferred some money but the balance stayed the same.,5
Why and I being charged this fee?,15
why hasn't my cash arrived yet from my cheque?!,6
What was the cause for my card to be declined?,26
What is going on? My top-up is still pending. I use your system all the time but now it is just showing as pending.,47
"I asked for $40 and I only received $20, what happened?",75
Why has my transfer failed?,35
Trouble transferring transaction contact for help,27
Why is the transfer still pending?  Can I do something?,48
It's been a week since you issued me a card and I still didn't get it. Should I keep waiting?,11
There is unexpected money in my account.,20
I do not see the money I transferred into this account,5
I have a new card and I need to activate it.,0
I want to find out what happened to my new card?,11
I lost my wallet and I think someone is withdrawing cash with my card. Please help. It is urgent.,20
I've been charged an extra £1 and I don't know what it's for,34
I made a transaction to the wrong account!,8
"My top-up hasn't gone through, what happened?",59
I need assistance completing a transfer. I'm trying to purchase a flat and need the money for the initial mortgage payment. I keep getting an error and the transfer is not going through. What is going on here?,35
is it just visa or can i also use mastercard?,73
I requested a refund for a large order the other day and don't think I received the funds. Can you tell me if you see them or not?,51
Am I charged more for using the ATM?,19
My credit card did not go through. Can you see if it has insufficient funds?,59
The app won't let me transfer money to a beneficiary,7
What does it mean if my cash withdrawal is pending?,46
How long does it take for a cash withdrawal to show?,46
I can't see the transfer that I put in.,5
Is there a reason why my account isn't updating because I used a check to  balance my account?,6
I have not received a refund.,51
I bought something online and it says there was a fee to transfer money. Isn't that free?,64
The exchange rate on my purchase is wrong.,17
How much does it cost to get a new card?  Mine is almost expired.  How fast does it come?,9
I'm in China and really need a new card.,9
What was I charged a fee for card payment?,15
I tried to withdraw $100 but only got $20. What happened?,75
What should I do if I want to get another card for someone in my family?,39
"Why did I not get all the money that I asked for? I asked for all the cash in my my account, but I only got about half. Why is that??",75
My payment is taking a long time to go through.,45
How can I go about getting a refund?,52
I'd like more information about choosing a Visa or Mastercard.,73
The exchange rate from my card payment isn't right.,17
The rate applied to my foreign currency at an ATM was incorrect.,76
When will my transfer move out of pending stage?,48
What is the charge for sending out more cards?,39
My card payment was cancelled.,53
I think my card is being used by someone else to make purchases that I didn't authorize! I checked my account and see that there have been quite a few purchases over the last two days that I have no idea where they came from. We need to freeze my card now! And I need to find a way to get my money back.,16
There is more than one of the same transaction on my account.,63
Is there a place to check for fee for payments? I feel like I'm getting charged too much at times.,15
Why was I charged a fee for transferring money,64
"I tried to add a topup to my account but the money isn't there, anymore. Did I do something wrong?",61
I am confused as to why my transfer could still be pending.,48
Who gets support?,24
What do I need to do to get a refund?,52
My card won't let me withdraw money.,26
I will need a new card because mine is almost expired.  How fast do I get a replacement and what is the cost?,9
Why did I get charged extra?,15
I made a payment and it was reverted and wanted to know why?,53
My card is about to expire. How much does it cost to order a new one and how fast will I get it?,9
A transaction shows duplicate times.,63
The cash I tried to draw from the ATM was not approved.,26
How much money can I withdraw before fees? I noticed a fee on my card but I didn't think I had hit the limit of how much I could withdraw in a month.,19
I paid with card and I was charged a fee,15
In which countries does your app work,24
I have a cash withdrawal on my statement that I am unsure of.,20
What happens if I deposit a cheque accidentally?,6
How long will my most recent transfer take to go through? The recipient needs the money urgently.,66
Why did I get a $1 extra fee on the statement?,34
Why hasn't the transaction I did to my friend arrive yet?,66
My card is about to expire.  Where do I get a new one.,9
My transfer is failing when I try to do it.,35
I was given the wrong amount of cash,75
What is the extra  €1 fee in my statement,34
I don't have my card after 1 week. What are my next steps?,11
"You can do that in just a few seconds. Go to account, hit activate, and follow the directions from there.",0
Why was my transaction charged an extra fee when paying with my card?,15
I tried to top up but the app rejected it.,59
The rate for a currency exchange was wrong when I bought something.,17
I feel like too much money was taken during my currency exchange.,76
When will my balance reflect a deposit?,6
I was charged the wrong exchange rate on a purchase,17
Why can't I see my funds after I topped up?,47
"I received cash from the ATM earlier, but this shows up as pending in the app.  I've got the cash already.  How can this be still pending?",46
How come my card payment is still pending?,45
I just got refunded for my purchase over two weeks ago,53
What fees apply when using a card?,15
I did not do this payment,16
Is there an allowance on cards?,15
I got charged twice,63
Where is my cash deposit?,6
"I was told that withdrawing cash from the ATM is free, but I'm charged a fee. Why is this?",19
I've attempted to do a very standard transfer and have tried 5 times at this point. Can you tell me what the issue is? Is the system down?,35
Why didn;t my payment work,25
An ATM fee was attached to my recent withdrawal.,19
Get an item refund,52
I made a cash withdrawal and it is still listed as a pending transaction.,46
How long does it take to activate my card?,0
Why has my new card still not come?,11
After purchasing an item I noticed the exchange rate was incorrect.,17
"I do not understand why there is a pending 1£ charge on my statement, I do not recall making this transaction. Can you please tell me what this is about?",34
Would you be so kind as to activate my card? Thanks,0
Why was I not able to complete a transfer?,35
My transaction has not been received. When are you going to process it?,66
My top-up was cancelled; will I receive a refund?,61
The exchange rate is incorrect for my payment.,17
How do I find out how or where this transaction on my account came from?,16
Can i get money in my home currency at some ATM ? As I am on holiday and bit concerned because i do not have any cash with me . Is it possible to withdraw without any additional cost.,76
"I paid my rent into the wrong account, could you please pay it into the right account, it needs to be done by tomorrow.",8
My top up is still pending,47
My statement shows a strange direct debit.,28
I recently bought something in foreign currency and I am unsure of the exchange rate. Is this rate applied correctly?,17
What is this extra fee on my statement.,34
I need urgent help. I realize I sent my payment to the wrong account number. I made a typo. Please cancel the transfer now. There isn't an option from the app.,8
"I was suppose to be getting a refund for something I purchased a while ago, but It still hasnt been applied to my account. When will I get my money back?",51
I need another card,39
My daughter would like a card from my account?  Can I do this?,39
I'm expecting a refund but it's no where to be seen,51
My transfer keeps failing and I just want to transfer the money can you please make it work?,35
why isnt my cash withdrawal showing,46
what is my monthly spending limit because i was refused my money at an atm,26
Is there a way to order a new card while in China?,9
What would the price be for an expired card replacement and how long will it take me to get it?,9
"I found my card that I thought I had lost, I need to reactive it, please help.",13
Why was there an additional fee on the payment I just made? I don't usually have additional fees applied to my payments.,15
I made a transfer and the person I transferred the money to didn't receive the right amount? Why did this happen and how do I get the rest of the money to them?,64
How can I request cash back? The ATM just gave me a different amount than what I've been actually charged though...,75
My card's expiration date is close.,9
I have a card payment which shows as pending,45
How can I request cash back? The ATM gave me the wrong amount that I've been charged though...,75
I tried to get some money but the machine was not working .The transaction still seems in progress! Can you please check what's going on.I don't want to be charged for money that I did not received.,46
I need more assistance with how to activate my card.,0
The exchange rate was not correct for the item I bought.,17
"I got less than what i asked for in the ATM, why?",75
"Hi, I am trying to buy something online, but i think there is some issue in my card. As payment is reverted. Please help me in this as i am facing the same issue from last two weeks.",53
Why is the exchange rate different on my recent purchase?,17
A receiver let me know that they didn't receive the full transfer I completed and that it was actually a bit less than what I sent. At this point I have to make another transfer to make up for the amount missing. Can you please follow up with what's going  on here?,64
I have been trying to make transfers to another account but I keep getting a declined notice. I have checked all of my information more than once and my information is accurate.,27
"I will need to get a new card soon, how do I order?",9
"I've now been trying to do a really standard transfer 5 times already. What's going on, is your system broken or something?!",35
I have a transaction and would like to know if I it's cancelable?,8
What is the expected delivery date for my card?,11
Is it normal to be charged an extra fee when paying with my card?,15
"While abroad, I got cash, and the exchange rate applied is wrong.",76
What is the tracking number for the card you sent?,11
Why was I charged a fee for withdrawing cash?,19
Explain the extra ATM fees.,19
I just looked over my statement and I don't recognize the name of a card payment.,16
I was trying to top-up and my credit card was declined. Can you tell me why?,59
Why have I been charged a small fee to use my card?,15
Why was I charged for getting cash?,19
I went to top up my card and it was cancelled.,61
How come my cash withdrawal came with an unnecessary fee?!,19
What is the process when my card is due to expire?,9
Who should I contact if the amount of my withdrawal doesn't correspond to the amount that I tried to take out of my account?,75
Why was my cash withdrawal cancelled at the ATM?,26
Why did I get less cash than what I asked in the ATM?,75
How come I can't get money at the ATM,26
I thought I was going to receive more currency?,76
What countries are you available in?,24
How can I get cash back? The ATM just gave me the wrong amount that I've been actually charged though...,75
Somebody made a withdrawal from my account for 500. I have my card so how can this be? Does somebody have a duplicate card or something? Help please.,20
My app shows cash I didn't get.,20
I was looking to buy another card today.,39
I sent some money and the receiver can't access it.,66
What can i pay with out  fees,15
"I bought something in another currency, but the exchange rate was incorrect.",17
What countries are getting support?,24
"I made a rent payment from the wrong account yesterday. It absolutely has to go through tomorrow, so can you please reroute the payment to the right account?",8
Top-up is loaded into the card and no update.,47
"I want to use my card, how would I activate it?",0
"Hey i need help urgently. I just realised I sent my payment to the wrong account number, there is a typo! Please cancel it immediately, I can't do it anymore from the app",8
This is the first time I've tried to get my money out of an ATM and it didn't work. Please give me my money,26
Where did the  €1 fee in my statement come from,34
Why hasn't my transfer gone through,35
"There are charges on my card from the past few day I am pretty sure I didnt make, can you please freeze it for me? How do I get my money returned since it wasnt me?",16
I noticed that there was an extra charge fee on my account. Could You explain to me why?,64
In the app I see a direct debit that I don't recognize.,28
How do I get a new card sent to China?,9
I thought that transfers are free. Why was I charged an extra fee?,64
i didnt put that money in my account,20
"I have an issue. I bought something within the past one to two weeks and have received one of the products; however, today the total was returned to my account. What's going on here?",53
Why is this payment pending?,45
I checked my account today and saw that I was charged an extra pound that I did not spend.,34
Why was my card payment cancelled?,53
My top-up didn't go through; it still says pending. What's up with that?,47
how come when i got cash the exchange rate was different than it should be,76
What do I do about my expired card?,9
I'm not able to activate my card how do I fix this problem?,0
Please help me figure out the reason for the odd withdrawal amount from my account?,20
Help my activate my card.,0
The app says I made a cash withdrawal even though I didn't.,20
Can the card be mailed and used in Europe?,24
Can you look to make sure the exchange rate is correct,76
Since when were there charges for taking out cash from my account? It's always been free for me to do this before.  How much are the charges going to be?,19
is the a reason why my transfer has failed?,35
I was charged more when I transferred!,64
It says the transfer wasn't accepted.,27
What is a pending payment?,45
Why has my transfer not arrived yet?,66
I tried activating my card and it didn't work,0
Payment i did not do,16
I was checking my statement and I think one of my card payments has reverted,53
Is there a problem that makes my payments show pending?,45
i want to get a card but i live in the US,24
"How do I get money from an ATM using my card? I can't seem to get it to work? I used the pin I had, but maybe it's wrong? What do I need to do to fix this?",26
Why did my credit card get declined for top up?,59
Why was I double charged?,63
I need to know how much it costs to transfer funds.,64
Why cant I transfer to my account?,7
I sent a cheque a few days ago and i noticed that no money has been put on my account. Can you please tell me the situation of my account?,6
There's a direct debit on my account that I didn't authorize,28
Please tell me how to get a card if I reside in the US.,24
Can you help me to quickly cancel a transaction I accidentally did to the wrong account?,8
There's a duplicate charge on my account?,63
Why did I get charged twice for the same thing,63
"I attempted to top-up with my card this morning, but the transaction was unsuccessful. I received the card two days ago and was successful using it previously. Could you please help me?",59
I didn't make this payment and it's on my app,16
Hi something is going on with the app.  I see some payments I didn't make?,16
I had a payment that I made and it's been some amount of time and would like to know when it's suppose to go though.,45
Why was there a fee for my cash withdrawal?,19
There is a card payment I do not recognise.,16
I made a payment that got charged twice instead of once.,63
"I have an unknown debit charge in my statement, why?",28
why didnt a transfer to my account process,7
"Give me back my money, I'm not paying the sellers. It has been a long time ago that I made an order and it just isn't coming.",52
You have declined my  payment.,25
How come the money from the merchant appeared back into my account?,53
I'd like to apply for a Visa Card.,73
"Yesterday, I made an incorrect payment to the wrong account for my rent payment. I need this addressed as soon as possible and the funds transferred to the correct account by no later than tomorrow.",8
I want to know why I have been unable to withdrawn funds.,26
Am I able to stop a transfer?,8
Is there a reason that my transfer failed?,35
can i get a card if I live in the usa?,24
what was the $1 fee i got,34
Why am I seeing a transfer fee?,64
How do I check to see why my card payment was declined?,25
What could possibly be the cause of my failed transfer?,35
Is Visa or Mastercard available?,73
I am having trouble withdrawing cash.,26
"Need a new card, mine is expiring.",9
Why isn't my cash deposit showing up in my account?,6
I could not get my card to work at a shop.,25
the exchange rate is wrong from something I got in another country,17
My top-up never worked,59
Why hasn't my card been delivered?,11
Why is the exchange rate different from what I expected?,17
Can you tell me what this cash withdrawal is?,20
"So much time has gone by, the pending status shouldn't still be there shouldn't it?",46
My card was declined in a shop,25
"As advised by you, i requested seller to refund my money. A week has passed but i haven't got any update from seller. Please track the refund with the seller.",51
I made a mistake this morning when I did a transfer. How do I reverse it?,8
Why didn`t my topup go through?,59
The ATM is messed up. It gave me less than I wanted.,75
my statement contains an unknown payment,16
I need a transaction reversed from my account.,63
What am I going to need in order to activate my card?,0
What is the fee for a cash withdrawal?,19
My account shows I made a debit payment to someone that I can't recall and would like to find out who the payment was made to.,28
Hello. I checked my transactions and saw I was double charged on my card for a restaurant visit. I would like to get my money back.,63
"Looks like my card payment was duplicated. I went to pay at the store earlier, got declined once,second time it works. App still stays pending for one of the payments. Can you please remove one of them as it's wrong and clearly was declined?",63
What is the normal time to make an international transfer? I made one a few days ago that still hasn't arrived.,5
Will I need to order a new card since mine expires next month?,9
"I bought something, but the exchange rate looks wrong.",17
"I made an international purchase, but the exchange rate was wrong",17
I could not transfer to a beneficiary,7
why was a transfer declined,27
I was unable to transfer money from my account.,35
What is the time frame that it usually takes for a transfer to come through? I have a friend needing it immediately but it has yet to come through.,66
My payment was terminated,53
Why is there a fee for getting cash?,19
"Hi, I checked my transactions and saw that I was charged twice during a restaurant visit. I would like to get my money back.",63
How do I know if my top up worked?,59
Why didn't my transfer complete?,35
"Visa and MasterCard, can I get them both?",73
"I made a transfer and the receiver said they haven't actually received the right amount, but it's a bit less. Now I have to transfer more money to make up for the missing bit. Can you please alert me about this, what has been going on?",64
Tried using my ATM card earlier at one of your locations for the first time.  It didn't work.  What is going on?,26
i tried to do a transfer to an account but it didn't work,7
Where do I need to go in the app to enter my card info?,13
I just noticed my transfer was declined and I don't know why. Can you help me?,27
"I tried to take out cash but the amount isn't right, so what do I do?",75
Where in the European Union can I get a card?,24
I need information explaining why my top-up failed to go through,59
"found card, how to put it back in app",13
Why am I being charged fees on some transactions but not on others? What am I missing here? I cannot find where to see the fee structure on my account. Help!,15
What reasons would a topup fail?,59
My statement does not reflect that a refund has been issued,51
What is the expected delivery date of my card?,11
I've transferred money before without issue but now I am encountering an error stating that it isn't possible. Why is that?,7
Why is the payment showing as pending from things I bought this morning?,45
Why did they take more money out then I withdrawed?,19
I noticed that the exchange rate applied to a recent purchase I made abroad was incorrect.,17
I wasn't able to withdraw money at an ATM,26
cash from this morning has not deposited,6
Got only $20 when I tried to withdraw $100.,75
Where do I need to live to get support?,24
I am seeing in the App a payment that its not mine,16
I can't activate my card?,0
Can I get a new card with new expiration date in China?,9
Why is it taking so long for my pending transaction to post as cleared?,48
"I took out cash from the ATM, but something must have went wrong, My account shows the correct amount of cash I took out, but the ATM didn't give me that amount. How do I get my money back?",75
How come the ATM won't give me my money?,26
Where is the transfer I started?,66
I made a mistake when I did a transfer so now what can I do to fix that?,8
"Even though it's late, I wanted to see about disputing a charge. I was just looking through my transactions over the past couple of months and noticed a pretty large amount that was not completed by me. Is this possibly something I can still do.",28
Can I activate a card in the app?,13
Why did I get charged for a withdrawal?,19
Why am I being charged for the same thing twice?,63
I put money into my account for the minimum balance but the application didn't accept.,61
Can you change the rate for the item I bought in a different currency as it is wrong?,17
One of my card payments has reverted,53
Why is my deposit still pending?,6
"Hi, I tried topping up for the first time today (I'm a new customer), and the transaction has shown as pending for the last half an hour. Can you fix it?",47
I have withdrawn cash from the ATM but it is showing in my account as a pending transation. Why is this?,46
Why would my card payment not work?,25
What is the extra fee that was added when I used the card?,15
Why wasn't my payment to beneficiary X approved?,7
i transfered however its still pending,48
There was an extra charge when I made a transfer.,64
"Is something wrong with my account, my balance didn't change after I transferred some money",5
Can you please help me with this exchange?  I am trying to get crypto and the app won't let me.,7
What's your refund policy if I bought an item from you?,52
I have a problem with a transfer. It didn't work. Can you tell me why?,27
My transfer still says pending,48
"My card will expire next month, will I need to order a new one?",9
"In regards to my card payment, the exchange rate is incorrect.",17
Why was my Payment declined,25
Why was I overcharged a pound!?,34
My purchases from this morning are showing up as payment pending. Can you tell me why?,45
"I tried to withdraw $100, all it gave me was $20.",75
I've made a transfer from France two days ago but I was wondering if international transfers take longer to arrive because it hasn't made it yet.,5
I tried activating my plug-in and it didn't piece of work,0
"Do you charge for cash withdrawals?  I want to get my hands on my own money and you appear to be charging me for the pleasure! Why is this, you'd never get this with my high street bank!",19
How do I cancel a transfer?,8
I've got charges on my account I did not authorize. Can I get this money back from the last couple of days that it's been coming out? I also need to freeze my card.,16
"I'm trying to make a payment to my new landlord. Even though the payment was sent a few days ago, it isn't clearing on their side. Can you verify that payment has been made?",66
"I know this very late, but I just went through my statements from the last couple months and there's one quite large-ish payment that I definitely haven't made. Is it still possible to dispute it?",28
I found my lost card. Am I still able to use it?,13
I was declined when I tried to withdraw cash!,26
Is there a reason I was charged an extra fee for using the ATM?,19
"Hi, I have been overcharged for my payment last Saturday. I guess exchange rate was wrong.",17
My transfer failed,35
I tried to make a transfer and it was declined. Why?,27
My card wont work at an ATM,26
Hello! I randomly got charged an extra fee today as i was shopping online and i have no idea why! Are there extra fees for card payments? Or am i missing something here?,15
Who do I call to cancel a transfer?,8
So I just went to the ATM to get some cash.  I input that I needed 100 pounds but I only got 80.  I have the receipt  and I am in need of the extra money.  How do I go about obtaining the missing amount?,75
Can I have my money refunded for an item,52
My account says I have a pending transfer.,48
I was recently charged for withdrawing money from my bank ATM. How can that be possible when I haven't been charged for using it before?,19
Why are there so many fees on my statement?,34
Can I use my card in Austria?,24
I believe i was charged for making a withdrawal after i went grocery shopping. Are you guys charging for this now?,19
Why is my app showing me taking money that I did not take out?,20
The payment for the card did not go through,25
My payment has been declined several times.  Can you help me?,25
"Hey I want to buy some crypto but the app doesn't allow me to! What's the issue, I really want to exchange this",7
I can't find the money I just added to my account.,47
Is my pending cash withdrawal processed?,46
I need to cancel my card.  There are a few charges from a couple days ago that I didn't make.  Can I get credit for these charges?,16
"There has been an unusual withdrawal from my account, can you help?",20
"Could I please cancel my transfer, I paid it into the wrong account. I need to pay it into the right account by tomorrow.",8
How can I find out about an extra fee on my statement?,34
"I was charged for a cash withdrawal, why?",19
It appears my top-ups have been canceled.,61
I don't know where this debit transaction on my statement came from.,28
"I made a bank transfer from my UK account today, but it's not showing.  Can you check status?",5
Why was I declined at the ATM today when I was trying to make a withdraw?,26
What do I need to do for a refund?,52
Why was I blocked from withdrawing from the ATM?,26
My payment has been cancelled,53
My cash withdrawal was declined.  Why?,26
When will a cash withdrawal show up?,46
Why isn't my deposit in my account?,6
I payed with the card and there was an extra fee?,15
How can I check the exchange rate applied to my transaction?,17
I don't understand why I'm being charged for using my card.,15
I need to dispute a direct debit.,28
There has been a payment  in the App that has not be done by me.,16
What's going on? I was just recently charged for an ATM withdrawal. I've never seen this charge before and before it's always been free.,19
I have multiple charges on the same transaction.,63
"Some cash was withdrawn in the app, but I did not do it.",20
"Hey, I'm buying a flat and I need my mortgage to go though. However, every time I check I get an error message. Is there any way you can help me with this transfer.",35
Causes of top-up cancellation,61
The app is showing a payment I never made.,16
When I tried to pay in a store my card din't work,25
"It's been over a month and i still haven't received my goods! I ordered a pencil for crying out loud, it's not that hard to deliver that! I'm done with these people, give me a refund immediately! I'll search for my Japanese exclusive pencil elsewhere!",52
What is the time for a transfer?,66
I think you reverted my top up.,61
I believe you charged me too much to exchange my money,17
There was an unexpected fee for my cash withdrawal!,19
"I need to refund my item, can you please help?",52
Hey there's a fee for a transfer on my account.  Why?!,64
I do not know where the transaction is.,66
There is a direct debit payment that I did not make.,28
The wrong exchange rate was applied to me while pulling out cash.,76
I see a cash withdrawal that I did not perform.,20
There is  a charge I don't recognize.,16
I have a duplicate payment on my card.,63
my cash balance less than what I thought,75
I can't see my refund in my history.,51
"My top up hasn't worked, it's been stuck in pending for the last couple hours",47
"If my top-up didn't transfer, what went wrong?",61
I have never been charged a card payment fee before. Why did this change?,15
I don't think I made this payment that is showing up,16
"In my app, a direct debit payment I didn't do shows in my app",28
Are there steps I need to take before my card expires?,9
Why did my payment get declined?,27
"I want to link to my card card with you, how?",13
"the product is not working, can I get a refund?",52
My card is expiring so how fast can I get a new one and how much will it be?,9
Is there a charge for getting cash?,19
"How long does it take for transfers to process?  I sent funds to a friend, and she says that she has not yet received anything.",66
What's the time frame on EU transfers? I purchased something a couple of days ago but the seller hasn't received my payment.,48
Why is it taking so long for my money to appear in my account? I have been waiting a week!,6
I need to cancel my recent transfer as soon as possible. I made an error there. Please help before it goes through.,8
Can I activate my card with the app?,0
My app shows a money withdrawal that I did not do.,20
Why was I charged a random fee for a transfer I made?,64
Do you guys accept mastercard or visa?,73
I was charged and shouldn't have been charged when using my card!,15
Why is the purchase I made this morning still pending?,45
I wanted to know about a pending dollar that is on my statement.,34
I'd like to provide my daughter with a card - could I get an additional card from my account to give her?,39
My top-up is not working. Why is that?,59
I already have a card and want to link it,13
"Hey, I try to make a bank transfer from my UK account a few hours ago, but it haven't show up yet. Please check my account to make sure everything alright with it?",5
Why did the ATM give me less money than what I requested?,75
I want this fee reversed from my account.,52
I found a transfer fee - is that correct?,64
The cash abroad exchange rate is applied wrong.,76
My card is about to expire.  Are there any costs with a replacement card?  How quick do you mail it to me?,9
"If you send me more cards, are there any charges?",39
i have a pending top-up,47
How does a US resident go about acquiring a new card?,24
Why has my top up been cancelled,61
Do I get charged for withdrawals?,19
"Hey, I ordered a thing but changed my mind and want a refund on it. Since I haven't received the thing, would you just go ahead and cancel the payment for me?",52
I'm not sure why my card didn't work,25
why was a extra fee added to my account for transfer ?,64
Can you tell me why I was charged $1 for a transaction?,34
How long does it take for a transfer to finish pending?,48
unsupported transfer declined,27
I have been charged twice this week for a couple of things on my card. Can you please check this out for me and return the double charged items back?,63
My card hasn't shown up yet.,11
What happened! I asked for 30 pounds at your ATM and only go 10. The machine lied about it too. It said I received the full 30 pounds. Someone better help me asap on this.,75
I think something went wrong with my card delivery as I haven't received it yet.,11
"Hi,  Is there any problem with app? As i am facing some issues with the exchange of crypto currency. I am extremely interested in buying.",7
Card payment is showing as pending,45
What do I need to do to get cash back? The ATM gave me the wrong amount that I requested but the app is showing the amount to be correct.,75
I am not receiving the correct exchange rate on my card.,17
How long does it take for a money transfer to show up?,48
"I think a card payment I made was cancelled, can you check?",53
I want to reverse my transaction from earlier,8
Why was the exchange wrong for the item I purchased?,17
What is the reason my payment was not accepted?,25
Why is my transfer still pending after all this time?,48
I need to make a transfer but it keeps getting declined I need Help!,27
This transfer incurred a fee that I don't think is right.,64
My payment has an incorrect exchange rate.,17
I've tried using my card multiple times and it keeps getting declined.,25
How long will it take for my transferred money to show up?,5
Why is this beneficiary being rejected?,7
My top up is pending still,47
I need more physical cards than I have right now!,39
Can you tell me why my pop-up is still pending?,47
I have been trying unsuccessfully to top-up my card.  Is the system down or not working properly?,59
How long does it typically take for a pending ATM withdrawal to clear?,46
Was my card payment reverted?,53
Why is my card being declined at the ATM? I have tried multiple ATMs and i keep running into the same problem. Could you verify that everything is okay with my account?,26
I made a check deposit but the cash hasn't arrived in my account yet.,6
When will my transfer be available in my account.,5
Can I get spare cards?,39
Can I get a Visa or Mastercard?,73
"Can you tell me how long it would take, to make a transfer from France? I made one 2 days ago and its not there yet.",5
How long will it be to get this new card?,11
A transfer was not allowed to an account.,7
Is there a reason my new card hasn't arrived yet?,11
I recently transferred money to my account when will it show up?,5
"Hello,  I noticed the money for an item I purchased online and have already received has been returned to my checking account. Was there an issue with the merchant accepting my payment? Or, possibly, with the bank sending it?",53
There is a payment made with my card that I don't recognize at all.,16
"My new card has arrived, what's the activation procedure?",0
I transferred money and was charged and want to know why.,64
I transferred money but the recipient says it has not arrived. Why would this be?,66
I could not do a transfer because it was declined,27
How do I contact customer support about my declined transfer?,27
I have a pending transaction,48
I am not seeing recent cash withdrawal on my account.,46
How do I link one your card if I have one already?,13
My refund is not showing up in my account. Where is it?,51
I'm not sure why I was charged an extra fee for transferring funds.,64
Why did my cash deposit not show up?,6
"My transfer was wrong, are you able to stop it before it goes through please?",8
Why is my withdrawal from the ATM still showing as pending?,46
my refund has not hit my account yet,51
Why doesn't the person I sent money to see that transfer yet?,66
"My cash withdrawal was declined, why?",26
I was unable to transfer to another account.,7
How long does it take for a top up to be approved?,47
I withdrew cash and I think the exchange rate is wrong.,76
"For you, how long do transfers normally take from a UK account? I completed one just now but nothing appears. I just need to be sure everything is okay.",5
Let me know when applying extra charges for payments. I just checked the app and saw a fee that I wasn't warned about.,15
"Hi there, I came across a problem with my top up and my money is missing, was there a system error?",61
How many cards am I allowed?,39
I'd like to cancel a transfer,8
When will I get my new card?,11
I have made a card payment but it did not completed still showing as pending. Please tell me when it will be completed.,45
My order needs to be canceled.,52
How do a reverse a duplicated charge?,63
In the past month I often used this account to manage payments for my new holiday villa. Now all of a sudden your fees have increased exorbitantly! Don't you have a rewards programme for frequent users?,64
I'm confused as to why my top-up did not go through.,59
Why did I not get the amount I specified at the ATM?,75
My transfer didn't work how come?,35
Why are the payments being declined on my new card?  I tried several times to use my new card to pay for my gas at the Shell station in my neighborhood.  I am very distressed about my new card not working.,25
"I tried using a foreign currency at an ATM, but the ATM provided me an incorrect rate. Why is that?",76
Why was I charged a fee when making this transfer when I shouldn't have been?,64
I notice there's a pending payment on my card.,45
Do you accept Visa or Mastercard?,73
I did a transfer earlier but see that it failed to go through.,35
Why is there a pending time on my transfer?,48
There is a 1£ charge that appears as pending on my statement. What is that? I haven't purchased anything for a pound there.,34
It shows that the transfer on my account wasn't allowed.,7
My ATM card isn't working for a withdrawl,26
Can you tell me why my top-up was canceled?,61
Why was I charged twice?,63
When will my cash withdrawal show/,46
I wanted to know why i got an additional fee when i use my card.,15
My card was declined,25
What is a pending cash withdrawal?,46
Which countries do you operate in,24
A false direct debit payment is showing in my app,28
Why have I been charged twice for the same transaction?,63
Why is the ATM not allowing me to get cash?,26
"I just got a card, how can I add it to the app?",13
I attempted to withdraw some money from an ATM this morning and received the wrong amount. Your app says I have enough money available in the account. Can someone tell me what's wrong?,75
Where is the cash I deposited?,6
What are the countries that you operate in?,24
Why is my money not in my account. I have already sent it out.,6
How long does it take for an international transfer into my account?,5
I need a refund. This is not what i wanted.,52
I found my card again. Can I put it back into the app?,13
Please tell me what this direct debit in my statement is,28
Is the 1 pound charge I can see an error or an incorrect entry?,34
How long does it take for a top up to go through,47
"For some reason, I'm unable to transfer funds.",7
I have been charged a fee for getting cash,19
I cannot withdraw money from the ATM,26
Where is my credit card that was to be mailed?,11
"I double checked that I have the correct account details , they're right for sure. Transfer is still pending since forever. What should be done now?",48
Why can't I topup my account?,59
Please help me make a transfer. I keep receiving an error and I'm trying to make the initial mortgage payment for a flat I'm buying. What is the deal here?,35
How can I create another card linked to this account?,39
what is the status of my refund,51
Im not sure if a seller is giving me my money back! I asked them to refund my money for the item but It's been a week now and still nothing has been given back to me. Can you resolve this for me?,51
I could not get my transfer to happen correctly and was wondering why?,35
Do you do business in the EU?,24
Someone else charged my card!,28
"If my card payment is cancelled, what should I do?",53
I transferred some money but it is yet to arrive.,5
Do I need to re-apply to order a new card when my old one's about to expire?,9
"Please help me in this, as i was unable to make any payment by my new card,  it was getting declined repeatedly. I am not very happy with this incident.",25
What do I need to do to activate my new card?,0
My card activation is failing.,0
how come my transfer didn't work,35
please help my transfer go through,35
I'm in China and need a new card. Please help.,9
The payment I made with my card is not showing up.,53
Is it possible someone has access to my card? I noticed that there are a couple of payments in the app I'm sure I did not make. Can you find out what's going on here?,16
Can I give a second card for this account to my daughter?,39
"Hi,I tried to get some money out but the machine was not working .The transaction still seems in progress! Can you please check what's going on.I don't want to be charged for money that I did not received.",46
I can't get money out of the ATM,26
I have a top up that didn't go through.  Why?,59
"Just received my replacement card, what steps do i need to take to activate it?",0
I believe my card payment has reverted,53
Does it matter if I use Visa or Mastercard?,73
I don't think my top up is working correctly,59
Help!  The app says I took out cash but I didn't!,20
Please help me get a Visa card.,73
"Although I am not located in the UK area, may i still receive a card?",24
Why did you revert my top up?,61
My transfer didn't complete. Why can't I access funds?,35
I got a fee when paying with my card,15
"I made a transfer for my rent payment about 2 days ago, but my landlord hasn't received it yet. It shows as done on my  side, and I've double check all account numbers and they are correct. Can you verify that the transaction was actually made?",66
"Hello,  I have recharged topup but account is not credited. Please help me in this, i guess there is some defect in system.",61
Why is there a direct debit I didn't make showing in the app?,28
I was charged a fee for withdrawing cash.,19
"My card couldn't complete a transfer, why?",35
Can I purchase extra non-virtual cards?,39
There is a direct debit transaction that I did not authorize,28
What is this extra pound charge for?,34
I have a direct debit I didn't set up,28
My credit card got declined for top up! What's going on? Can you check on why it didn't go through?,59
Help me figure out how to link the new card.,13
Can I obtained a Visa Card,73
Can you tell me why I noticed a $1 charge on my statement?,34
What does it mean if it says my card payment has been cancelled?,53
Why was I not able to get cash from the ATM?,26
Why caused my top up to not work?,59
Are you located in other countries?,24
Is there something wrong with the ATM? It would not let me pull cash out of my account.,26
Is there a fee for extra cards?,39
Do you offer free ATM withdrawals of ones hometown currency while on holiday?,76
I keep getting an error message when I'm trying to transfer funds! Why aren't you accepting that?,7
My transfer failed to a beneficiary,7
I need to know why my credit card was declined for top up? What is the deal here and why did it not go through?,59
I'm getting concerned here.  I sent a friend some money and she isn't seeing it.  What's going on?,66
Help me find the transfer that I did.,5
Can I change the amount I made on a payment that I made to the payment is correct.,8
The ATM did not give me as much cash as I requested.,75
I really need to top-up my card today urgently but my card keeps getting declined!! Can you please help me with this problem or let me know if you have any alternatives,59
Will I always be charged a fee for using my card?,15
The bank charged me fees for withdrawing cash!,19
Why isn't my transfer going through? I get a message saying it's not possible. I've had no issues in the past.,7
Can you please tell me why my transfer failed?,35
Cash I didn't get shows in my app.,20
Can I add a card back to the app?,13
Can I get an item refunded?,52
How do I reverse a transaction on my account?,52
"I am overseas in China, can I get a replacement card?",9
There is a Direct Debit that looks suspicious.,28
There is not a refund in my statement.,51
The  money I transferred does not show in the balance.,5
My card is about to expire.  How do I order another?,9
There are automatic debits on my account that I did not make.,28
"Why, when paying with the card, was I charged an extra fee?",15
There is an unauthorized payment in my statement.,16
What is this $1 charge on my account?,34
I am seeing and extra 1$ charged to my account and wanted to know about it.,34
When I topped up the app has seemed to reverted it.,61
I got double charged for a payment so how do I fix that?,63
"My new card is here, what's the process for activating it?",0
"I was charged a transfer fee, why is that?",64
I asked for $100 cash but only got $20?,75
Is it possible to get another card?,39
Tell me why my card payment has been declined.,25
Where are you present globally?,24
The balance on my account wasn't updated after I made a depost.,6
Why is there some cash that I did not deposit in my account?,20
What are the fees imposed when I make a transaction?,15
Why haven't I received my new card yet?,11
Does it cost much or take long to get a new card? Mine is about to expire.,9
How long is a transfer in the pending status?,48
I selected to withdrawal 30 pounds but only received 10. I'm still standing in front of the ATM. The app shows i took out 30 pounds also. How do i fix this?,75
"Hello, I tried to take some cash out of the ATM but I looked at my statement and it still shows that it's pending. Is the machine broken? Will I receive my money back or will I be charged for this?",46
What do I have to do to get a Visa card?,73
Why is my check still not showing up on my account? It's been a week already,6
"I have moved to a new house and set up a rent payment to my landlord, it was supposed to be in her account a few days ago but it hasn't arrived.  I definitely sent it to the right place, can you confirm where the money is?",66
I don't understand why I was charged an additional fee for this service. Can you clarify?,15
Why was my account deducted from a seller when I didn't approve of it?,28
"I've use this account all the time, including over this past month, to pay for things from my new place abroad. I'm a really good customer, so why do I suddenly have new fees? I should be rewarded instead of charged more fees.",64
What can I do to track the card you sent me?,11
The amount of time that transfers usually take from a UK account is what?I just completed a transfer and it is not showing up at all. I'm wondering at this point if everything is actually okay.,5
"I received the wrong color and size, can I return it?",52
The ATM didn't give me enough money.,75
"My statement shows a 1£ purchase pending. I do not remember making this purchase, please let me know what this is about.",34
Can I choose between Visa and Mastercard?,73
"This morning, I tried to send money to my friends several times but each time the transfer fails.  Why does it keep failing?  The transfer gets rejected but I do not know what is causing it to be rejected.",35
The app denied my topped up.,59
"I finally got my new card and was very excited to use it today. However, my payment kept declining. What is happening?",25
How long do deposits take to appear? I've been waiting for more than a week and need the money!,6
Why does my top up say still pending when I used my card to do it.,47
Why does it still charge me even though I was unable to withdraw money from the ATM?,46
I don't think that my top-up worked.,59
I did not make this payment that I see in the App.,16
Help! I need to cancel a transaction.,8
"I have the cash already, my account still shows up as pending.  How can my account be still pending?",46
"A couple weeks ago some money was deducted from my account by some seller that I don't remember. I'm pretty sure I didn't do that, but is it possible to trace back who that is just to make sure?",28
I really was trying to complete this exhange. I was trying to purchase some crypto but the app won't allow me to do it. Can you tell me what's going on here?,7
"Hello, i'd like to inform you of an issue i'm currently experiencing. The goods i have ordered from your website have still not arrived yet; it has been over 3 weeks. I would like to be issued a refund swiftly and be redirected to more competent people. Thank you for your assistance.",52
I have noticed that my account was double charged for a couple of items this week. Please review and refund the double charged items back.,63
Good morning. I tried to make a purchase with my credit card last night and again this morning. Both times it was declined. Can you investigate?,27
Someone transferred money to me and it doesn't show,48
The transfer I did hasn't arrived,66
"I show another charge on my card from when I used it, why?",15
Someone stopped my payment,53
"After I got my cash, I found out my exchange rate was wrong.",76
Cash has been deposited this morning but it hasn't came through.,6
I have been waiting for my top-up to complete and it still hasn't gone through.,47
I thought transfers were free of charge.  I bought something abroad and got charged a ridiculous fee. How do I get this problem fixed.,64
I was double charged,63
Please send my refund now.,51
I need to make an immediate cancellation related to a transfer. This was a mistake. Please assist quickly so this does not actually go through.,8
How can I activate my card so I can start using it?,0
"When I use my card, it says decline?",25
What type of card will I receive?,73
I like to Mastercard rather than Visa.,73
I haven't seen the cash yet from the cheque I deposited.,6
There is a direct debit charge on my account that I don't recognize.,28
Why did my card payment not work?,25
I have not received the amount of cash i was supposed to.,75
"Would I be able to get another card for my account, so I could give one to my daughter?",39
Should I be seeing a fee applied for my money transfer?,64
Why did I get charged a fee on my card?,15
How can my new card be activated?,0
The cash withdrawal I took seems to be off. The exchange rate is wrong.,76
I am still waiting for a money transfer to appear.,48
Been trying to transfer money this morning but keep getting rejected. I don't understand why this is happening.,35
Why isn't my deposit showing up?,6
the transfer went through but now it has been pending for quite a while. i need this to go through already,48
When will my top up be approved?,47
"I withdrew money from an ATM today, and now my account is showing a different amount than what I withdrew. I checked the amount the ATM gave me, and it looks like it gave me the wrong amount of money. What is the best thin for me to do to get this fixed?",75
My transfer failed to process correctly. Is there a reason this would happen?,35
Tell me why my transfer is declined.,27
I cannot find my refund on my statement.,51
I was supposed to get a purchase refunded but I don't see the money in my account,51
How do i go about linking a new card?,13
I can't get money out of the ATM. Is my card actually working? It's the first time I tried using it,26
Why has my payment been reversed?,53
I might have been charged on my debit statement by fraud.,28
Why do i have an extra fee on my statement?,34
There are a couple payments with my card shown that I'm not responsible for. What is going on? Maybe someone has access to my account.,16
"I made a card payment, but it has been declined?",25
I think I am a victim of fraud.  I noticed there was a charge on my account that I didn't do because I haven't touched my card today.  Can you please reverse the charge and refund my money?,28
My exchange went wrong. I swapped Russian Ruble for UK pounds and was charged too much.,17
I think somebody made an unauthorized copy of my card.  My account has a cash withdrawal for 500£ that I did not make.  Please help.,20
My exchange rate isn't correct.,17
I'd like to have extra cards. Will I have to pay for that?,39
Make me understand why I am charged an extra fee when I use the ATM.,19
what is this charge on my card?,28
"I found my card, how can I use it again?",13
I made a transaction but did it to the wrong account.,8
Do you have a list of countries you operate in?,24
Why is a payment showing up on my card as pending?,45
"I should only have one charge, but it shows two.",63
Is this card available to United States Residents?,24
"I want to reactivate my card, I thought I had lost it but found it again in my jacket this morning.",13
Do cash withdrawals cost anything?,19
It seems there is an incorrect listing of a direct debit payment on my app that I did not make,28
Why does my transfer keep failing? I've tried 5 times and they all failed.,35
"How long do EU transfers actually take? I recently bought something online a few days ago, sent the money immediately online but the seller says it's still not there yet.",48
What is this fee for card payment?,15
How do I get a spare card?,39
The app is showing a cash withdrawal that I didn't make.,20
"Even though I made a cash deposit, I am not seeing it in my account.",6
I had a card payment that was declined.  Why?,25
what are the exchange rates for foreign currency ATMs,76
From what countries can I use this product?,24
Do EU transfers happen quickly? I purchased something a few days ago and the seller hasn't received my money yet.,48
"I was doing a transfer and received a ""decline"" message.",27
I need to figure out who has access to my card there are some payments I didn't make that are showing on the app.  Could you please help?,16
I bought something on line a and the seller hasn't received the money I sent could you please tell me how long an EU transfer takes?,48
After making a transfer from a UK account it's not showing up. How long do these transfers normally take for you? I want to be certain everything is all right.,5
I want a refund,52
Why would my card payment get reverted?,53
Why am I still not able to see the money I deposited a week ago? This is urgent!!,6
What happens when a beneficiary can't receive my transfer?,7
Do I need to order a new card if mine is expiring?,9
"If I order a new card, how much will it be and how long will it take me to get it?",9
Why is my payment declined? It looked like everything worked ok and my account was fine.,25
Can you tell me what countries you operate in?,24
The app reversed a top off I had.  What should I do?,61
Why did I get a fee from the ATM?,19
I've deposited a check but the cash isn't showing that it's there yet.,6
"Hello. My credit keeps being declined, last night and again today, as I try to buy something. What is the status of my card?",27
"I have a card payment that was declined, but why?",25
The card got declined twice when I tried to use it to buy something online yesterday.,27
Can you tell my why my funds transfer did not work properly?,35
"I did a transfer to my account, but it hasn't shown up",5
Why was my top-up declined?,61
I am missing a refund amount on my account.,51
I received a different amount of cash than what I entered.,75
Why was I charged an extra fee when using the card?,15
Can I get more cards just incase?,39
"In a month, my card will reach its expiration date, am I required to request the next card?",9
"Hello, a few days ago I transferred my rent check to my landlord, however, he is saying that it has not gone though. On my end everything looks fine and I double checked the account number. Is there anything else that could be holding up the check?",66
Is there always a charge when withdrawing money?,19
Are there restrictions to transfers to certain accounts?,7
I did a money transfer to my account and it is not showing there.,5
"It says ""pending payment?"" Why is it saying this?",45
Are money transfers free?,64
"I found my card, am I able to put it back into the app?",13
"I notice a transaction a couple of weeks ago in my account, from a seller that I don't recognize. Is there a way we can trace back the information to make sure it was truly something I did?",28
I have made a recent check and cash deposit that isn't reflected in my balance.,6
I think I deserve a refunded on a certain item.,52
"I don't think the transaction has gone through, so can I cancel a transfer?",8
"new customer and filling gas today, it's not working, the thing shows pending half an hour!",47
Why did I receive an error message saying that my transfer was not possible?,7
I have transfered to my account before but it is being declined now?,27
It appears I have a fee in my statement.,34
How do I track the card you sent to me?,11
the bank transfer was declined,27
Where is my cash deposit in my balance?,6
I have a reverted top up I made and wanted to know why it didn't go through.,61
I think my top up did not work,59
can you tell me why my transfer failed?,35
What caused my top up to be reverted?,61
I was able to find my card. How to I go about putting it into my app?,13
Why is there an extra fee on a transfer?,64
I noticed a new fee on my account. I didn't know there were fees for these payments. What is the policy?,15
I recently purchased something and the seller says my money has not arrived yet. It was in EU's. How long does this take?,48
My account did not allow the transfer.,7
"I transferred money, but I think I've been charged a fee for it?",64
Why hasn't my refund appeared on my statement?,51
I think something went wrong with my exchange between Russian Ruble and UK pounds. I was overcharged during the swap.,17
"Hi, I draw out some money from the ATM today. The ATM has given me wrong amount and the application is displaying more amount than i withdraw.",75
the card payment exchange rate is wrong,17
What caused my top-up to be returned?,61
Why would the app show a withdrawal that I did not make?,20
Where do I go for a refund?,52
How long until my transfer will be available to me,5
Will the duplicated payment be refunded?,63
please cancel the transaction,8
Why does my statement have these extra charges?,34
I contacted the seller for a direct refund last week but he still hasn't give me my money. What should I do?,51
How do I link a new card in the app?,13
"How long does a transfer to another country normally take? I check over and over again and see that my transfer is still pending. It's 2018, nothing should take this long. I have confirmed my account information, so there is no error. What is the hold up?",48
A payment is showing twice. Why is that?,63
"Hello,  I am a college student who I recently attended my high school reunion at a local restaurant. I paid with my credit card and now my transaction history reflects a second charge of the seemingly same payment. What could be the reason for this?  Is there any way to have the fraudulent  payment credited back onto my card?",63
"The activation process did not work, please help?",0
My recent transfer didn't go through - why not?,27
"When I top-up, the app reverts it.",61
I would like to get your card in EU. Is that possible?,24
The transfer on my account is not showing up.,5
"I would like to know why my payment is still pending, can you help?",48
Why has my top-up not worked?,59
"My money has disappeared. I had recently added money in, and saw it was there and went through. Now it's gone. What is happening?",61
Is it possible to get a refund?,52
I was trying to purchase some crypto and the app won't allow me to do it. What's the deal with this? I really wanted to complete the exchange.,7
How can I investigate a missing refund?,51
I tried to withdraw money but I was declined!,26
"Hello. How long does it usually take to transfer money to another country? I've made sure all the information is correct, but the transfer still says that it's ""pending.""",48
I should have a refund in my statement but I can't see it,51
"I need a second card, can I have more than one?",39
"I checked my statement and saw a charge of one pound, where is this charge coming from?",34
Give me a refund,52
There is a pending transaction on my account for when I tried to get money from the ATM earlier and it did not work. Can you fix this?,46
I have a transaction showing up more than once.,63
Why was I charged a fee? I thought shopping was free?,15
I made a payment and it is showing up twice,63
How do I use my new card?,0
How long will my ATM withdrawal be pending?,46
I did a payment but the app cancelled it.,53
My card appears to have never arrived?,11
What are the reasons to be charged a fee on card payments?,15
Why has my payment not transferred?,35
Why on earth is the exchange rate so bad?   Can I get a rate closer to the actual interbank rate?,17
I need some help now please! There are some transactions on my account that I do not remember purchasing. Can they be reversed? Can you please cancel or freeze my card so I don't keep getting charged?!,16
I topped up my account but the app failed to process it.,59
"Hello I am unable to exchange the crypto currency through the app, i am very keen to buy. Please let me know the issue.    interested buying crypto currency but i am unable to purchase it through the application,i do want to do the exchange, Could you please let me know what is the problem?",7
My transfer seems to be too expensive.,64
"Hi, I have done a topup, but my money was reverted. Please look into this issue.",61
My account was charged twice for one purchase,63
I don't know what a pending payment is.,45
Can you please check if I was charged twice?,63
Is there extra fees for making a withdraw in a different country at a cash machine.,76
I need immediate assistance in canceling a transfer which was a mistake. Please help me quickly so this does not go through.,8
has my card payment been reverted?,53
where is my money from this morning,6
How do I activate my card so I can start using it?,0
What's the reason my new card hasn't come?,11
I may need to dispute a Direct Debit payment.,28
There is a payment that I was charged two times for.,63
"With my new card, how may I activate it?",0
"Help! I'm missing money, I deposited a cheque but its not showing on my balance.",6
The check I deposited yesterday isn't listed yet.  Isn't that pretty slow?  I need to see the balance increased by that check.,6
I'm still awaiting for the completion of the transaction.,66
I NEED HELP WITH MY CARD!!!!! please. It keeps getting declined when I try to use it. I have tried a few times to use it and it keeps getting rejected. I have no idea why.,25
I tried to withdraw cash at an ATM in the city center but my card was declined. The transaction is still showing up as pending - please cancel it!,46
I've tried several times to make a payment and every time my card is declined? Could my card be locked? I don't know what to do.,25
I made a bank transfer and the balance hasn't updated yet.,5
Has my account been frozen?  I tried to use my card but the ATM would not dispense cash.,26
Why have I been charged a fee for transferring money?,64
Can you explain to me why a cash withdrawal shows up as pending?,46
What if my top up is reverted?,61
I have not seen any changes in my account balance(s) after making a transfer.,48
My top up didn't go through,59
please tell me why my top-up failed.,59
Which countries do you support?,24
The App shows a fraudulent payment made on my account.,16
I made a mistake and need to cancel a transfer.,8
"If I am in China, can I still order a new card and if so, how?",9
Why do I have a pending cash withdrawal?,46
"I stupidly initiated a rent payment from the wrong account yesterday. It can't be paid from that account, but it really needs to get paid on time. Am I able to move the payment to the right account?",8
My refund for a purchase hasn't  cone through yet.,51
I need to get visa and mastercard,73
The correct amount of cash was not received.,75
My account was charged for a withdraw I tried to make that was decline.,46
My payment was cancelled,53
Why did my top up get pulled back out?,61
"Now that I have my card, how do I connect it to the app?",13
How come I was charged a transaction of $1?,34
When will my returned transaction show up on my account?,51
I ordered a card and would like to know how to track the delivery progress of it.,11
What is going on? I have checked over and over and the details of my account are right. Why is my transfer still pending? It's 2018 not 1818. Transfering money to another country can't be that hard.,48
"The card I thought was lost was just in my jacket, so can I reactivate it since I found it this morning?",13
Why is there a direct debit payment on my app that is not from me?,28
Why am I still waiting for a transfer?,5
Why was my card payment reversed?,53
I would like to get both a Visa and MasterCard?,73
"If I bought something I didn't like, can I get a refund?",52
My card has not arrived yet.,11
"Could not complete transfer, states 'declined'",27
Why are my transfers getting declined?  I havent had a problem in the past.,27
Can you track my card for me?,11
I deposited a cheque but the cash hasn't arrived yet,6
"Something is wrong with the top up! I'm a regular customer and use your service all the time, usually this works but now it just shows up as pending",47
Please explain the extra fee when I paid with the card.,15
I don't have my card in 1 week.  Should I be worried?,11
Which one are you?  Visa or Mastercard?,73
How come I can't find my payment?,53
when does my balance update for a transfer,5
"I asked for a certain amount of money from the ATM, but it gave me a different amount. Less than what I asked for.",75
Why has my card payment not yet been applied to my account?,45
Do you charge extra for duplicate cards?,39
"I'm still waiting for delivery of my new card, why is it taking so long?",11
My balance is not what I thought it was following an ATM withdrawal,46
Pending transfer?,48
"Hi there, I've tried to make a transfer 5 different times and its not working. Is your system down or something?",35
"I withdrew some cash, when is it going to show?",46
My balance was not updated with my checque or cash deposit.,6
Why can't the recepient of my money transaction see it?,66
"I have a card that expires in the coming month, do I have to specifically ask for the updated card?",9
"Hi, Today i have tried to make payment by my new card, but payment got declined many times. I am very disappointed, please look into this.",25
"Hi, I just looked at my card transactions and saw that I've been charged twice for a restaurant I went to this week. Can you remove the double charge, please?",63
The balance has not been updated.,5
"My money is gone. I had topped up recently and saw it was there, but now it's disappeared, what's going on?",61
I pulled cash from the ATM earlier. Why is it still pending if I already have the cash?,46
"What did you do with my money??? I just topped up, I saw the money was there, but now it's gone!! What did you do with it?",61
I did not get as much cash as I requested at the ATM.,75
I do not recognise the card payment.,16
My transfer to a beneficiary did not go through.  Why?,7
I noticed that there's a payment on my card that's pending.,45
I have a duplicate charge,63
I made a currency exchange and think I was charged more than I should of been.,17
I bought something that I need a refund for.,52
the exchange rate I got for cash was wrong,76
Is it free to transfer money or is there a fee?,64
Why won't my top up work,59
My card was refused,25
I found my card. How can I put it into my app?,13
Why do I see an extra €1 charge on my statement?,34
I thought transfers were free. Why was I charged to transfer?,64
I have used this account overseas recently. Has there been an increase in fees that I am unaware of?,64
"I wasn't charged the correct amount for an item I purchased, how can I fix this?",52
Hello I have a UK account.  Can you please check if everything is alright with it?  I made a transfer a couple hours ago but it doesn't show up yet.,5
I have an unauthorized direct debit on my account,28
My rate is not right when I used my card in a different country's money.,76
I am unhappy with an item I bought. How do I get a refund?,52
Will you be able to send the new card to China?,9
What does it mean when my top up is saying  still pending?,47
I don't think I should have been charged a fee to use my card.,15
I want a refund on this.,52
Duplicate transactions appear on my account,63
My beneficiary didn't receive my transfer,7
Please tell my why I was charged a fee for using my card?,15
Is it possible to give a second card for this account to my daughter?,39
I deposited a check yesterday and im not seeing it posted yet in my account. why is that? can you look into it?,6
how do I get my card to show in the app?,13
What is the extra fee on my statement?,34
Why didn't my transfer to a beneficiary go through?,7
Can I dispute a debit payment that I am seeing that I didn't make from a couple of months ago?,28
There is payment showing that I didn't do.,16
I am unsuccessfully trying to make a transfer can you help?,35
Is this open to residents of all countries?,24
Is my new bank card on the way and is there a way to track it?,11
There is a transaction for $1 and I don't know why it was charged.,34
My money hasn't been transferred yet.,5
I want to activate my new card.,0
"How long does EU transfer take? I bought something online a couple days ago , sent the money immediately online but the seller says it is still not there yet",48
Hey I thought transfers were free.  Why are you charging me?,64
What do I do if it says my card payment has been cancelled?,53
Is it possible to purchase more physical cards with my account?,39
When is a payment I made with my card going to clear>,45
"Heyy I tried to top up with my card today but it failed! I just got the couple days before but it has worked last time. What's going on, can you double check please?",59
Why does my transaction have an added fee?,34
I need your help immediately.  There is a 500£ cash withdrawal that I know nothing about.  I think my account has become compromised.,20
I would like to reactivate a card and wondered if that could be done?,13
My transfer to my account is missing.,5
I sent a payment but it isn't showing up in the app,66
I was not distributed the correct amount of cash that I asked for,75
I recently got charged twice from a restaurant that I was at this week and I would like for one of those payments to be removed from my account.,63
Rates were applied wrong while using foreign currency at an ATM.,76
I think I have an extra transfer charge.,64
I deactivated my card but would like to reactivate it.,13
My transfer appeared not to work.,35
I'm at an ATM and withdrew 30 pounds and was only given 10. What should I do?,75
I have an unknown direct debit payment on my account,28
My payment card was declined - could you tell me why?,25
Why was I charged extra on my last UK pound to Russian ruble exchange?,17
Why are you charging me a transfer fee?,64
I would like to link my card. How do I do it?,13
How come I was charged an extra fee when paying with the card?,15
I notice that I have a card payment that's been cancelled.,53
My new landlord is a lier and is trying to rip me off by saying I've not paid my rent when I have paid my rent.  What is going on?  They say the money hasn't got to them but I see it going out of my account.  Can you check that the money went to the right place?,66
I need to know when a payment will actually go through. I completed a payment using my card but it is just showing as pending at this point and it has been a while ago.,45
I've got a repeated tranasaction on my card.,63
I'm quite confused as to what is going on. There is some odd extra pound charge on my statement in the app that's just listed as pending and doesn't go away since a couple days.,34
I really need some help to understand why my transfer keeps failing. I'm trying to send money to a friend. Please help.,35
What countries are supported?,24
"My payment was put back, I think.",53
How long before transferred money shows up?,5
"As I double checked that I have the correct account details that i submitted , they're right for sure. Transfer is still pending so far.",48
Why hasn't my transaction arrived?,66
Why would I have a pending payment?,45
There is a odd withdrawal on my account.,20
Does it cost anything and how long would it take to get a card if I need a new one? My card is about to expire.,9
How can I cancel this transaction?,8
Are there restrictions for ordering extra cards?,39
"Transfers can take up to one day to process before departing for the beneficiary accounts. Please confirm that you've entered your account details correctly. SEPA transfers can take up to two working days, while SWIFT transfers can take up to five working days.",48
I think that the exchange rate was wrong for the payment made last Saturday - I was charged extra.,17
Its been several days and my cash withdrawal is still pending. Why?,46
Can I have more physical cards?,39
I had a dollar charged to my account that's still pending and wanted to know what the charge is for?,34
What is going on with my cash deposit. I'm looking at my account balance and it is not there. It has been almost a week. Someone better get back to me asap.,6
"How long do transfers to international banks take? I made one to france a couple of days ago, but it's still not there.",5
My last ATM request did not go through due to a declined card. Please cancel the request on my account.,46
Why was I charged this extra fee while doing a transfer?,64
I have a pending payment in my account that I paid a while back ago and it still hasnt gone through. Why would it show pending for so long?,45
"I made a payment a while ago and it is still showing as ""pending"" in the account. How long will this payment take to complete?",45
What is this extra €1 fee about?,34
I asked for cash but I did not receive all the funds,75
Is it normal to get charged extra when i use my card?,15
When will the transaction go through?,45
"Is there something wrong with my card payment? It's been pending a really, really long time.",45
I bought something and want the money refunded can I get some help with that?,52
Why is my transfer not done yet?,48
Why is this payment on my app,16
How long does it take for a payment to go thru? I made one a few days ago and it has not been cleared yet.,45
"I attempted a transfer, but it failed.",35
The app is saying I made a withdrawl but I didn't.,20
My app is displaying a payment I didn't make,16
"I think something is wrong with your top up.  I've been waiting a little over an hour for this to go through, can you send it through for me?",47
Why isn't my refund showing up in my statement?,51
I need to do a card activation.,0
I got charged in double and want a refund,63
How do I know which countries you provide service in?,24
I'm suddenly getting an error while attempting a transfer that it isn't possible. Why? I've done it before.,7
I believe a wrong exchange rate was applied towards a cash transaction I made abroad.,76
I could not get money from an ATM,26
Can I have more than one card?,39
how long will it take for my transfer to stop pending,48
I have a payment I didnt make on my account,16
Am I able to track the card that was just sent to me?,11
Earlier today I took money out the ATM. After checking the app the amount is so much higher than the amount I received.,75
Why hasn't payment gone through yet?,45
My cash withdrawal is still showing as pending.,46
"I just topped up, and the app denied it.",59
Do I have an option between Visa and MasterCard?,73
"My card still hasn't arrived after two weeks, now what?",11
Topping up my card is not working because I believe the top up is pending,47
Why is my top-up still outstanding?,47
I transferred some funds but I don't see it,5
Instructions for activating card,0
Good afternoon. I made a transfer from my UK bank account.  I haven't seen anything on the account in the pass few hours. Please check the account to make sure everything is fine.,5
Why is my balance still the same after a cheque deposit?,6
Can I make a withdraw if I am out of country from with out any fees at an ATM?,76
My cheque is slow to cash,6
Why did I get charged for withdrawing cash?,19
Why was my top-up rejected?,59
A withdraw I tried to make at the ATM was declined I don't know why.,26
"Hi, I'm trying to purchase a flat and I'm needing the first payment for the mortgage to go through on the flat I'm trying to buy. For some reason I keep getting an error.can you assist in making this transfer? What is going on?",35
I need to transfer some money to a friend who is in urgent need of some fast cash. How long will it take before she can use that money?,66
How come my money hasn't shown up yet?,66
Can you find out why my credit card didn't process payment? It was declined for top up so what's the deal?,59
I made the incorrect payment for my rent yesterday and this needs to be fixed by no later than tomorrow. How can you help?,8
How come my transfer got declined,27
Could I get a mastercard if that's reasonable?,73
"I recently got a new place while I'm staying abroad and have been using this account to manage payments, but suddenly I am seeing fees increase. Where are these additional fees coming from?",64
"I have to transfer money over to my mother, and I have tried numerous times and all that keeps happening is error messages.",7
Can you explain what this random $1 charge is?,34
I won't be pleased unless I get a Mastercard.,73
cash and check deposit has not gone thru,6
Can I have a card even if I am not living in the UK?,24
"Although I transferred some money, it has not as of yet, arrived.",5
I've transferred money into my account but the balance is the same,5
My card is expiring soon.,9
Is it possible to order another card?,39
Is there a fee associated with using foreign exchange ATMs?,76
I cannot activate my card.,0
Why was my top-up unsuccessful?,59
Is it possible to link a new card?,13
"What are the steps to activate the card, as it does not seem to work?",0
Why was my transfer request decline?,27
There's a payment in the app I don't recognize.,16
My card payment did not work.,25
What do I do if my card is about to expire?,9
Can I get money in my home currency at an ATM? I'm on vacation and don't have cash with me. This is cause for a bit of concern. Is it possible to withdraw here without additional cost?,76
Can you provide a reason as to why my transfer did not work?,35
My card expires very soon.  What is the cost and delivery time to get a new one?,9
For some reason my card payment hasn't worked. what can I do to look into that?,25
I could not use my card in a store.,25
I topped up but the app denied it,59
I would like my card activated.,0
My new card hasn't came in.,11
Why isn't the transfer on my account showing up?,5
"The ATM charged me an extra fee, Why?",19
"I deposited a cheque with some money, but the balance hasn't changed.",6
The correct exchange rate wasn't given to me for an item I purchased.,17
An extra fee of €1 was in my statement,34
I was double-charged for a transaction,63
"I don't recognize this payment on my app, I am sure I didn't spend any money there.",16
Why is it taking so long for a transfer to complete!,66
Several items I have charged this week are appearing twice.  Please review my statement and remove any duplicate charges.,63
